year;month;date_str
1995;1;02/01/1995
1995;1;02/01/1995
1995;1;03/01/1995
1995;1;03/01/1995
1995;1;04/01/1995
1995;1;04/01/1995
1995;1;04/01/1995
1995;1;04/01/1995
1995;1;04/01/1995
1995;1;05/01/1995
1995;1;05/01/1995
1995;1;07/01/1995
1995;1;07/01/1995
1995;1;09/01/1995
1995;1;09/01/1995
1995;1;09/01/1995
1995;1;09/01/1995
1995;1;09/01/1995
1995;1;10/01/1995
1995;1;10/01/1995
1995;1;11/01/1995
1995;1;11/01/1995
1995;1;12/01/1995
1995;1;12/01/1995
1995;1;13/01/1995
1995;1;13/01/1995
1995;1;14/01/1995
1995;1;14/01/1995
1995;1;16/01/1995
1995;1;18/01/1995
1995;1;18/01/1995
1995;1;19/01/1995
1995;1;19/01/1995
1995;1;20/01/1995
1995;1;24/01/1995
1995;1;24/01/1995
1995;1;26/01/1995
1995;1;27/01/1995
1995;1;27/01/1995
1995;1;30/01/1995
1995;1;30/01/1995
1995;1;31/01/1995
1995;2;01/02/1995
1995;2;02/02/1995
1995;2;02/02/1995
1995;2;02/02/1995
1995;2;03/02/1995
1995;2;03/02/1995
1995;2;05/02/1995
1995;2;05/02/1995
1995;2;06/02/1995
1995;2;06/02/1995
1995;2;07/02/1995
1995;2;07/02/1995
1995;2;08/02/1995
1995;2;09/02/1995
1995;2;09/02/1995
1995;2;09/02/1995
1995;2;12/02/1995
1995;2;12/02/1995
1995;2;13/02/1995
1995;2;13/02/1995
1995;2;14/02/1995
1995;2;14/02/1995
1995;2;16/02/1995
1995;2;17/02/1995
1995;2;17/02/1995
1995;2;20/02/1995
1995;2;22/02/1995
1995;2;22/02/1995
1995;2;23/02/1995
1995;2;25/02/1995
1995;2;26/02/1995
1995;2;27/02/1995
1995;2;28/02/1995
1995;2;28/02/1995
1995;3;09/03/1995
1995;3;20/03/1995
1995;3;22/03/1995
1995;3;23/03/1995
1995;3;27/03/1995
1995;3;28/03/1995
1995;3;30/03/1995
1995;4;07/04/1995
1995;4;15/04/1995
1995;4;18/04/1995
1995;4;26/04/1995
1995;5;11/05/1995
1995;5;11/05/1995
1995;5;23/05/1995
1995;5;26/05/1995
1995;5;31/05/1995
1995;6;01/06/1995
1995;6;01/06/1995
1995;6;05/06/1995
1995;6;06/06/1995
1995;6;10/06/1995
1995;6;12/06/1995
1995;6;16/06/1995
1995;6;19/06/1995
1995;6;21/06/1995
1995;7;04/07/1995
1995;7;12/07/1995
1995;7;13/07/1995
1995;7;14/07/1995
1995;7;17/07/1995
1995;7;20/07/1995
1995;7;25/07/1995
1995;7;27/07/1995
1995;7;28/07/1995
1995;7;31/07/1995
1995;8;01/08/1995
1995;8;02/08/1995
1995;8;03/08/1995
1995;8;03/08/1995
1995;8;07/08/1995
1995;8;09/08/1995
1995;8;15/08/1995
1995;8;16/08/1995
1995;8;17/08/1995
1995;8;18/08/1995
1995;8;18/08/1995
1995;8;18/08/1995
1995;8;18/08/1995
1995;8;18/08/1995
1995;8;18/08/1995
1995;8;18/08/1995
1995;8;18/08/1995
1995;8;18/08/1995
1995;8;18/08/1995
1995;8;18/08/1995
1995;8;18/08/1995
1995;8;18/08/1995
1995;8;18/08/1995
1995;8;18/08/1995
1995;8;23/08/1995
1995;8;26/08/1995
1995;8;27/08/1995
1995;8;29/08/1995
1995;8;29/08/1995
1995;8;30/08/1995
1995;8;31/08/1995
1995;9;01/09/1995
1995;9;03/09/1995
1995;9;04/09/1995
1995;9;04/09/1995
1995;9;05/09/1995
1995;9;06/09/1995
1995;9;07/09/1995
1995;9;07/09/1995
1995;9;07/09/1995
1995;9;10/09/1995
1995;9;11/09/1995
1995;9;11/09/1995
1995;9;11/09/1995
1995;9;11/09/1995
1995;9;12/09/1995
1995;9;12/09/1995
1995;9;12/09/1995
1995;9;13/09/1995
1995;9;15/09/1995
1995;9;18/09/1995
1995;9;19/09/1995
1995;9;21/09/1995
1995;9;22/09/1995
1995;10;05/10/1995
1995;10;16/10/1995
1995;10;20/10/1995
1995;10;26/10/1995
1995;11;03/11/1995
1995;11;08/11/1995
1995;11;10/11/1995
1995;11;14/11/1995
1995;11;17/11/1995
1995;11;20/11/1995
1995;11;20/11/1995
1995;11;20/11/1995
1995;11;21/11/1995
1995;11;22/11/1995
1995;11;22/11/1995
1995;11;23/11/1995
1995;11;27/11/1995
1995;11;28/11/1995
1995;12;04/12/1995
1995;12;04/12/1995
1995;12;04/12/1995
1995;12;05/12/1995
1995;12;05/12/1995
1995;12;07/12/1995
1995;12;07/12/1995
1995;12;07/12/1995
1995;12;08/12/1995
1995;12;08/12/1995
1995;12;08/12/1995
1995;12;09/12/1995
1995;12;11/12/1995
1995;12;11/12/1995
1995;12;12/12/1995
1995;12;12/12/1995
1995;12;12/12/1995
1995;12;13/12/1995
1995;12;13/12/1995
1995;12;14/12/1995
1995;12;14/12/1995
1995;12;15/12/1995
1995;12;15/12/1995
1995;12;18/12/1995
1995;12;18/12/1995
1995;12;20/12/1995
1995;12;21/12/1995
1995;12;22/12/1995
1995;12;22/12/1995
1995;12;22/12/1995
1995;12;24/12/1995
1995;12;26/12/1995
1995;12;27/12/1995
1995;12;28/12/1995
1995;12;29/12/1995
1996;1;02/01/1996
1996;1;05/01/1996
1996;1;11/01/1996
1996;1;15/01/1996
1996;1;15/01/1996
1996;1;16/01/1996
1996;1;16/01/1996
1996;1;19/01/1996
1996;1;24/01/1996
1996;1;25/01/1996
1996;1;25/01/1996
1996;1;26/01/1996
1996;1;26/01/1996
1996;1;27/01/1996
1996;1;27/01/1996
1996;1;29/01/1996
1996;1;30/01/1996
1996;1;31/01/1996
1996;2;01/02/1996
1996;2;01/02/1996
1996;2;05/02/1996
1996;2;08/02/1996
1996;2;12/02/1996
1996;2;13/02/1996
1996;2;15/02/1996
1996;2;16/02/1996
1996;2;17/02/1996
1996;2;20/02/1996
1996;2;20/02/1996
1996;2;20/02/1996
1996;2;21/02/1996
1996;2;21/02/1996
1996;2;23/02/1996
1996;3;01/03/1996
1996;3;01/03/1996
1996;3;04/03/1996
1996;3;04/03/1996
1996;3;04/03/1996
1996;3;07/03/1996
1996;3;17/03/1996
1996;3;19/03/1996
1996;3;20/03/1996
1996;3;21/03/1996
1996;4;01/04/1996
1996;4;02/04/1996
1996;4;16/04/1996
1996;4;22/04/1996
1996;4;24/04/1996
1996;4;29/04/1996
1996;5;03/05/1996
1996;5;11/05/1996
1996;5;17/05/1996
1996;5;21/05/1996
1996;5;21/05/1996
1996;5;24/05/1996
1996;5;24/05/1996
1996;5;29/05/1996
1996;5;31/05/1996
1996;6;03/06/1996
1996;6;04/06/1996
1996;6;05/06/1996
1996;6;06/06/1996
1996;6;07/06/1996
1996;6;13/06/1996
1996;6;14/06/1996
1996;6;16/06/1996
1996;6;18/06/1996
1996;6;19/06/1996
1996;6;19/06/1996
1996;6;23/06/1996
1996;6;25/06/1996
1996;6;25/06/1996
1996;6;28/06/1996
1996;6;28/06/1996
1996;6;28/06/1996
1996;6;28/06/1996
1996;7;01/07/1996
1996;7;02/07/1996
1996;7;03/07/1996
1996;7;08/07/1996
1996;7;08/07/1996
1996;7;08/07/1996
1996;7;10/07/1996
1996;7;10/07/1996
1996;7;10/07/1996
1996;7;11/07/1996
1996;7;11/07/1996
1996;7;12/07/1996
1996;7;13/07/1996
1996;7;17/07/1996
1996;7;23/07/1996
1996;7;23/07/1996
1996;7;24/07/1996
1996;7;24/07/1996
1996;7;25/07/1996
1996;7;26/07/1996
1996;7;26/07/1996
1996;7;27/07/1996
1996;7;29/07/1996
1996;7;29/07/1996
1996;7;29/07/1996
1996;8;02/08/1996
1996;8;02/08/1996
1996;8;02/08/1996
1996;8;04/08/1996
1996;8;05/08/1996
1996;8;05/08/1996
1996;8;05/08/1996
1996;8;05/08/1996
1996;8;05/08/1996
1996;8;05/08/1996
1996;8;06/08/1996
1996;8;06/08/1996
1996;8;07/08/1996
1996;8;07/08/1996
1996;8;07/08/1996
1996;8;07/08/1996
1996;8;08/08/1996
1996;8;09/08/1996
1996;8;09/08/1996
1996;8;09/08/1996
1996;8;12/08/1996
1996;8;12/08/1996
1996;8;12/08/1996
1996;8;13/08/1996
1996;8;13/08/1996
1996;8;13/08/1996
1996;8;13/08/1996
1996;8;15/08/1996
1996;8;15/08/1996
1996;8;17/08/1996
1996;8;19/08/1996
1996;8;19/08/1996
1996;8;19/08/1996
1996;8;21/08/1996
1996;8;21/08/1996
1996;8;22/08/1996
1996;8;22/08/1996
1996;8;22/08/1996
1996;8;23/08/1996
1996;8;23/08/1996
1996;8;24/08/1996
1996;8;25/08/1996
1996;8;26/08/1996
1996;8;26/08/1996
1996;8;26/08/1996
1996;8;26/08/1996
1996;8;26/08/1996
1996;8;26/08/1996
1996;8;27/08/1996
1996;8;27/08/1996
1996;8;28/08/1996
1996;8;28/08/1996
1996;8;28/08/1996
1996;8;29/08/1996
1996;9;02/09/1996
1996;9;02/09/1996
1996;9;02/09/1996
1996;9;02/09/1996
1996;9;03/09/1996
1996;9;03/09/1996
1996;9;06/09/1996
1996;9;09/09/1996
1996;9;10/09/1996
1996;9;10/09/1996
1996;9;10/09/1996
1996;9;11/09/1996
1996;9;12/09/1996
1996;9;13/09/1996
1996;9;13/09/1996
1996;9;13/09/1996
1996;9;16/09/1996
1996;9;17/09/1996
1996;9;17/09/1996
1996;9;18/09/1996
1996;9;18/09/1996
1996;9;19/09/1996
1996;9;20/09/1996
1996;9;20/09/1996
1996;9;20/09/1996
1996;9;21/09/1996
1996;9;23/09/1996
1996;9;23/09/1996
1996;9;23/09/1996
1996;9;23/09/1996
1996;9;24/09/1996
1996;9;25/09/1996
1996;9;25/09/1996
1996;9;27/09/1996
1996;9;27/09/1996
1996;9;30/09/1996
1996;9;30/09/1996
1996;10;01/10/1996
1996;10;01/10/1996
1996;10;02/10/1996
1996;10;03/10/1996
1996;10;03/10/1996
1996;10;03/10/1996
1996;10;08/10/1996
1996;10;11/10/1996
1996;10;12/10/1996
1996;10;14/10/1996
1996;10;17/10/1996
1996;10;18/10/1996
1996;10;18/10/1996
1996;10;18/10/1996
1996;10;18/10/1996
1996;10;21/10/1996
1996;10;21/10/1996
1996;10;21/10/1996
1996;10;22/10/1996
1996;10;22/10/1996
1996;10;23/10/1996
1996;10;23/10/1996
1996;10;24/10/1996
1996;10;24/10/1996
1996;10;24/10/1996
1996;10;25/10/1996
1996;10;25/10/1996
1996;10;25/10/1996
1996;10;26/10/1996
1996;10;28/10/1996
1996;10;28/10/1996
1996;10;30/10/1996
1996;10;31/10/1996
1996;10;31/10/1996
1996;10;31/10/1996
1996;11;01/11/1996
1996;11;01/11/1996
1996;11;03/11/1996
1996;11;04/11/1996
1996;11;04/11/1996
1996;11;05/11/1996
1996;11;07/11/1996
1996;11;07/11/1996
1996;11;07/11/1996
1996;11;08/11/1996
1996;11;12/11/1996
1996;11;12/11/1996
1996;11;13/11/1996
1996;11;14/11/1996
1996;11;14/11/1996
1996;11;14/11/1996
1996;11;15/11/1996
1996;11;17/11/1996
1996;11;18/11/1996
1996;11;19/11/1996
1996;11;19/11/1996
1996;11;20/11/1996
1996;11;21/11/1996
1996;11;22/11/1996
1996;11;22/11/1996
1996;11;22/11/1996
1996;11;25/11/1996
1996;11;25/11/1996
1996;11;25/11/1996
1996;11;25/11/1996
1996;11;26/11/1996
1996;11;27/11/1996
1996;11;28/11/1996
1996;11;28/11/1996
1996;11;29/11/1996
1996;11;29/11/1996
1996;11;29/11/1996
1996;11;29/11/1996
1996;11;29/11/1996
1996;11;30/11/1996
1996;12;01/12/1996
1996;12;02/12/1996
1996;12;03/12/1996
1996;12;03/12/1996
1996;12;03/12/1996
1996;12;03/12/1996
1996;12;04/12/1996
1996;12;04/12/1996
1996;12;05/12/1996
1996;12;05/12/1996
1996;12;07/12/1996
1996;12;09/12/1996
1996;12;09/12/1996
1996;12;09/12/1996
1996;12;09/12/1996
1996;12;10/12/1996
1996;12;11/12/1996
1996;12;11/12/1996
1996;12;11/12/1996
1996;12;12/12/1996
1996;12;12/12/1996
1996;12;12/12/1996
1996;12;13/12/1996
1996;12;16/12/1996
1996;12;16/12/1996
1996;12;16/12/1996
1996;12;17/12/1996
1996;12;17/12/1996
1996;12;19/12/1996
1996;12;20/12/1996
1996;12;20/12/1996
1996;12;23/12/1996
1996;12;23/12/1996
1996;12;25/12/1996
1996;12;27/12/1996
1996;12;31/12/1996
1997;1;02/01/1997
1997;1;02/01/1997
1997;1;03/01/1997
1997;1;03/01/1997
1997;1;03/01/1997
1997;1;07/01/1997
1997;1;08/01/1997
1997;1;10/01/1997
1997;1;10/01/1997
1997;1;11/01/1997
1997;1;13/01/1997
1997;1;13/01/1997
1997;1;14/01/1997
1997;1;15/01/1997
1997;1;16/01/1997
1997;1;16/01/1997
1997;1;16/01/1997
1997;1;20/01/1997
1997;1;21/01/1997
1997;1;21/01/1997
1997;1;23/01/1997
1997;1;31/01/1997
1997;1;31/01/1997
1997;2;03/02/1997
1997;2;04/02/1997
1997;2;18/02/1997
1997;2;21/02/1997
1997;2;24/02/1997
1997;2;24/02/1997
1997;2;27/02/1997
1997;3;03/03/1997
1997;3;04/03/1997
1997;3;06/03/1997
1997;3;17/03/1997
1997;4;01/04/1997
1997;4;08/04/1997
1997;4;15/04/1997
1997;4;17/04/1997
1997;4;21/04/1997
1997;4;21/04/1997
1997;4;26/04/1997
1997;5;02/05/1997
1997;5;03/05/1997
1997;5;05/05/1997
1997;5;05/05/1997
1997;5;05/05/1997
1997;5;09/05/1997
1997;5;19/05/1997
1997;5;20/05/1997
1997;5;24/05/1997
1997;5;26/05/1997
1997;5;26/05/1997
1997;5;30/05/1997
1997;6;02/06/1997
1997;6;02/06/1997
1997;6;03/06/1997
1997;6;05/06/1997
1997;6;09/06/1997
1997;6;09/06/1997
1997;6;09/06/1997
1997;6;09/06/1997
1997;6;10/06/1997
1997;6;10/06/1997
1997;6;12/06/1997
1997;6;12/06/1997
1997;6;16/06/1997
1997;6;16/06/1997
1997;6;19/06/1997
1997;6;22/06/1997
1997;6;23/06/1997
1997;6;23/06/1997
1997;6;23/06/1997
1997;6;23/06/1997
1997;6;24/06/1997
1997;6;24/06/1997
1997;6;25/06/1997
1997;6;26/06/1997
1997;6;30/06/1997
1997;7;01/07/1997
1997;7;01/07/1997
1997;7;02/07/1997
1997;7;03/07/1997
1997;7;03/07/1997
1997;7;04/07/1997
1997;7;07/07/1997
1997;7;07/07/1997
1997;7;07/07/1997
1997;7;08/07/1997
1997;7;09/07/1997
1997;7;10/07/1997
1997;7;10/07/1997
1997;7;11/07/1997
1997;7;13/07/1997
1997;7;14/07/1997
1997;7;16/07/1997
1997;7;18/07/1997
1997;7;18/07/1997
1997;7;21/07/1997
1997;7;21/07/1997
1997;7;22/07/1997
1997;7;23/07/1997
1997;7;25/07/1997
1997;7;25/07/1997
1997;7;26/07/1997
1997;7;28/07/1997
1997;7;28/07/1997
1997;7;29/07/1997
1997;7;30/07/1997
1997;7;30/07/1997
1997;7;30/07/1997
1997;7;30/07/1997
1997;7;31/07/1997
1997;8;04/08/1997
1997;8;05/08/1997
1997;8;05/08/1997
1997;8;05/08/1997
1997;8;06/08/1997
1997;8;06/08/1997
1997;8;08/08/1997
1997;8;08/08/1997
1997;8;08/08/1997
1997;8;11/08/1997
1997;8;11/08/1997
1997;8;12/08/1997
1997;8;13/08/1997
1997;8;14/08/1997
1997;8;18/08/1997
1997;8;18/08/1997
1997;8;18/08/1997
1997;8;20/08/1997
1997;8;21/08/1997
1997;8;22/08/1997
1997;8;22/08/1997
1997;8;22/08/1997
1997;8;22/08/1997
1997;8;25/08/1997
1997;8;25/08/1997
1997;8;26/08/1997
1997;8;27/08/1997
1997;8;27/08/1997
1997;8;27/08/1997
1997;8;27/08/1997
1997;8;28/08/1997
1997;8;28/08/1997
1997;9;01/09/1997
1997;9;01/09/1997
1997;9;02/09/1997
1997;9;02/09/1997
1997;9;03/09/1997
1997;9;03/09/1997
1997;9;04/09/1997
1997;9;04/09/1997
1997;9;05/09/1997
1997;9;08/09/1997
1997;9;09/09/1997
1997;9;12/09/1997
1997;9;12/09/1997
1997;9;16/09/1997
1997;9;18/09/1997
1997;9;20/09/1997
1997;9;25/09/1997
1997;9;25/09/1997
1997;9;30/09/1997
1997;10;01/10/1997
1997;10;01/10/1997
1997;10;02/10/1997
1997;10;03/10/1997
1997;10;09/10/1997
1997;10;20/10/1997
1997;10;20/10/1997
1997;10;21/10/1997
1997;10;21/10/1997
1997;10;23/10/1997
1997;10;23/10/1997
1997;10;24/10/1997
1997;10;26/10/1997
1997;10;27/10/1997
1997;10;27/10/1997
1997;10;30/10/1997
1997;10;30/10/1997
1997;10;31/10/1997
1997;10;31/10/1997
1997;10;31/10/1997
1997;10;31/10/1997
1997;11;03/11/1997
1997;11;04/11/1997
1997;11;04/11/1997
1997;11;04/11/1997
1997;11;06/11/1997
1997;11;06/11/1997
1997;11;07/11/1997
1997;11;07/11/1997
1997;11;08/11/1997
1997;11;09/11/1997
1997;11;10/11/1997
1997;11;10/11/1997
1997;11;11/11/1997
1997;11;12/11/1997
1997;11;12/11/1997
1997;11;12/11/1997
1997;11;12/11/1997
1997;11;14/11/1997
1997;11;17/11/1997
1997;11;18/11/1997
1997;11;20/11/1997
1997;11;21/11/1997
1997;11;21/11/1997
1997;11;21/11/1997
1997;11;21/11/1997
1997;11;22/11/1997
1997;11;22/11/1997
1997;11;24/11/1997
1997;11;24/11/1997
1997;11;25/11/1997
1997;11;25/11/1997
1997;11;27/11/1997
1997;12;01/12/1997
1997;12;03/12/1997
1997;12;04/12/1997
1997;12;04/12/1997
1997;12;05/12/1997
1997;12;05/12/1997
1997;12;05/12/1997
1997;12;05/12/1997
1997;12;08/12/1997
1997;12;09/12/1997
1997;12;10/12/1997
1997;12;12/12/1997
1997;12;12/12/1997
1997;12;15/12/1997
1997;12;15/12/1997
1997;12;16/12/1997
1997;12;17/12/1997
1997;12;17/12/1997
1997;12;17/12/1997
1997;12;17/12/1997
1997;12;18/12/1997
1997;12;18/12/1997
1997;12;19/12/1997
1997;12;22/12/1997
1997;12;22/12/1997
1997;12;22/12/1997
1997;12;23/12/1997
1997;12;23/12/1997
1997;12;25/12/1997
1997;12;25/12/1997
1997;12;26/12/1997
1997;12;29/12/1997
1997;12;29/12/1997
1997;12;29/12/1997
1997;12;30/12/1997
1997;12;31/12/1997
1997;12;31/12/1997
1998;1;02/01/1998
1998;1;05/01/1998
1998;1;08/01/1998
1998;1;09/01/1998
1998;1;09/01/1998
1998;1;09/01/1998
1998;1;17/01/1998
1998;1;19/01/1998
1998;1;19/01/1998
1998;1;19/01/1998
1998;1;19/01/1998
1998;1;20/01/1998
1998;1;20/01/1998
1998;1;21/01/1998
1998;1;22/01/1998
1998;1;23/01/1998
1998;1;23/01/1998
1998;1;28/01/1998
1998;1;29/01/1998
1998;1;29/01/1998
1998;1;30/01/1998
1998;1;30/01/1998
1998;2;02/02/1998
1998;2;02/02/1998
1998;2;02/02/1998
1998;2;05/02/1998
1998;2;06/02/1998
1998;2;09/02/1998
1998;2;09/02/1998
1998;2;12/02/1998
1998;2;18/02/1998
1998;2;20/02/1998
1998;2;20/02/1998
1998;3;02/03/1998
1998;3;04/03/1998
1998;3;05/03/1998
1998;3;06/03/1998
1998;3;09/03/1998
1998;3;17/03/1998
1998;3;19/03/1998
1998;3;21/03/1998
1998;4;01/04/1998
1998;4;06/04/1998
1998;4;08/04/1998
1998;4;09/04/1998
1998;4;15/04/1998
1998;4;15/04/1998
1998;4;27/04/1998
1998;4;28/04/1998
1998;4;30/04/1998
1998;5;07/05/1998
1998;5;22/05/1998
1998;5;26/05/1998
1998;5;27/05/1998
1998;6;01/06/1998
1998;6;03/06/1998
1998;6;09/06/1998
1998;6;11/06/1998
1998;6;11/06/1998
1998;6;22/06/1998
1998;6;24/06/1998
1998;6;30/06/1998
1998;7;01/07/1998
1998;7;02/07/1998
1998;7;06/07/1998
1998;7;06/07/1998
1998;7;07/07/1998
1998;7;10/07/1998
1998;7;10/07/1998
1998;7;10/07/1998
1998;7;16/07/1998
1998;7;17/07/1998
1998;7;20/07/1998
1998;7;24/07/1998
1998;7;24/07/1998
1998;7;25/07/1998
1998;7;29/07/1998
1998;7;29/07/1998
1998;7;29/07/1998
1998;7;30/07/1998
1998;8;01/08/1998
1998;8;01/08/1998
1998;8;03/08/1998
1998;8;03/08/1998
1998;8;03/08/1998
1998;8;03/08/1998
1998;8;04/08/1998
1998;8;05/08/1998
1998;8;07/08/1998
1998;8;10/08/1998
1998;8;11/08/1998
1998;8;11/08/1998
1998;8;11/08/1998
1998;8;11/08/1998
1998;8;11/08/1998
1998;8;13/08/1998
1998;8;15/08/1998
1998;8;15/08/1998
1998;8;15/08/1998
1998;8;16/08/1998
1998;8;17/08/1998
1998;8;17/08/1998
1998;8;19/08/1998
1998;8;21/08/1998
1998;8;21/08/1998
1998;8;23/08/1998
1998;8;24/08/1998
1998;8;24/08/1998
1998;8;24/08/1998
1998;8;24/08/1998
1998;8;24/08/1998
1998;8;28/08/1998
1998;8;28/08/1998
1998;8;29/08/1998
1998;8;31/08/1998
1998;9;01/09/1998
1998;9;01/09/1998
1998;9;01/09/1998
1998;9;01/09/1998
1998;9;04/09/1998
1998;9;04/09/1998
1998;9;04/09/1998
1998;9;05/09/1998
1998;9;07/09/1998
1998;9;07/09/1998
1998;9;09/09/1998
1998;9;09/09/1998
1998;9;09/09/1998
1998;9;09/09/1998
1998;9;09/09/1998
1998;9;10/09/1998
1998;9;13/09/1998
1998;9;14/09/1998
1998;9;14/09/1998
1998;9;14/09/1998
1998;9;14/09/1998
1998;9;14/09/1998
1998;9;15/09/1998
1998;9;15/09/1998
1998;9;16/09/1998
1998;9;17/09/1998
1998;9;17/09/1998
1998;9;17/09/1998
1998;9;17/09/1998
1998;9;17/09/1998
1998;9;18/09/1998
1998;9;21/09/1998
1998;9;21/09/1998
1998;9;21/09/1998
1998;9;21/09/1998
1998;9;21/09/1998
1998;9;22/09/1998
1998;9;25/09/1998
1998;9;25/09/1998
1998;9;25/09/1998
1998;9;28/09/1998
1998;9;29/09/1998
1998;9;29/09/1998
1998;9;30/09/1998
1998;9;30/09/1998
1998;9;30/09/1998
1998;10;01/10/1998
1998;10;02/10/1998
1998;10;02/10/1998
1998;10;02/10/1998
1998;10;05/10/1998
1998;10;05/10/1998
1998;10;05/10/1998
1998;10;05/10/1998
1998;10;05/10/1998
1998;10;05/10/1998
1998;10;05/10/1998
1998;10;06/10/1998
1998;10;06/10/1998
1998;10;07/10/1998
1998;10;07/10/1998
1998;10;07/10/1998
1998;10;07/10/1998
1998;10;07/10/1998
1998;10;08/10/1998
1998;10;09/10/1998
1998;10;09/10/1998
1998;10;09/10/1998
1998;10;09/10/1998
1998;10;12/10/1998
1998;10;12/10/1998
1998;10;12/10/1998
1998;10;13/10/1998
1998;10;13/10/1998
1998;10;14/10/1998
1998;10;14/10/1998
1998;10;15/10/1998
1998;10;16/10/1998
1998;10;16/10/1998
1998;10;16/10/1998
1998;10;19/10/1998
1998;10;20/10/1998
1998;10;20/10/1998
1998;10;20/10/1998
1998;10;21/10/1998
1998;10;22/10/1998
1998;10;23/10/1998
1998;10;26/10/1998
1998;10;26/10/1998
1998;10;26/10/1998
1998;10;27/10/1998
1998;10;27/10/1998
1998;10;28/10/1998
1998;10;29/10/1998
1998;10;30/10/1998
1998;10;30/10/1998
1998;10;30/10/1998
1998;10;30/10/1998
1998;10;30/10/1998
1998;11;02/11/1998
1998;11;02/11/1998
1998;11;02/11/1998
1998;11;03/11/1998
1998;11;03/11/1998
1998;11;04/11/1998
1998;11;04/11/1998
1998;11;05/11/1998
1998;11;06/11/1998
1998;11;06/11/1998
1998;11;06/11/1998
1998;11;08/11/1998
1998;11;09/11/1998
1998;11;09/11/1998
1998;11;10/11/1998
1998;11;10/11/1998
1998;11;11/11/1998
1998;11;11/11/1998
1998;11;11/11/1998
1998;11;11/11/1998
1998;11;11/11/1998
1998;11;12/11/1998
1998;11;12/11/1998
1998;11;12/11/1998
1998;11;12/11/1998
1998;11;12/11/1998
1998;11;13/11/1998
1998;11;13/11/1998
1998;11;13/11/1998
1998;11;13/11/1998
1998;11;13/11/1998
1998;11;13/11/1998
1998;11;14/11/1998
1998;11;15/11/1998
1998;11;15/11/1998
1998;11;16/11/1998
1998;11;17/11/1998
1998;11;17/11/1998
1998;11;17/11/1998
1998;11;17/11/1998
1998;11;17/11/1998
1998;11;17/11/1998
1998;11;17/11/1998
1998;11;18/11/1998
1998;11;18/11/1998
1998;11;18/11/1998
1998;11;18/11/1998
1998;11;18/11/1998
1998;11;19/11/1998
1998;11;19/11/1998
1998;11;19/11/1998
1998;11;19/11/1998
1998;11;20/11/1998
1998;11;20/11/1998
1998;11;20/11/1998
1998;11;20/11/1998
1998;11;20/11/1998
1998;11;20/11/1998
1998;11;21/11/1998
1998;11;22/11/1998
1998;11;23/11/1998
1998;11;23/11/1998
1998;11;24/11/1998
1998;11;24/11/1998
1998;11;24/11/1998
1998;11;25/11/1998
1998;11;25/11/1998
1998;11;25/11/1998
1998;11;26/11/1998
1998;11;26/11/1998
1998;11;27/11/1998
1998;11;27/11/1998
1998;11;27/11/1998
1998;11;27/11/1998
1998;11;27/11/1998
1998;11;27/11/1998
1998;11;27/11/1998
1998;11;27/11/1998
1998;11;27/11/1998
1998;11;27/11/1998
1998;11;28/11/1998
1998;11;30/11/1998
1998;11;30/11/1998
1998;11;30/11/1998
1998;11;30/11/1998
1998;11;30/11/1998
1998;11;30/11/1998
1998;11;30/11/1998
1998;11;30/11/1998
1998;12;01/12/1998
1998;12;01/12/1998
1998;12;01/12/1998
1998;12;01/12/1998
1998;12;02/12/1998
1998;12;02/12/1998
1998;12;02/12/1998
1998;12;02/12/1998
1998;12;03/12/1998
1998;12;03/12/1998
1998;12;03/12/1998
1998;12;03/12/1998
1998;12;03/12/1998
1998;12;03/12/1998
1998;12;04/12/1998
1998;12;04/12/1998
1998;12;04/12/1998
1998;12;04/12/1998
1998;12;04/12/1998
1998;12;04/12/1998
1998;12;05/12/1998
1998;12;06/12/1998
1998;12;07/12/1998
1998;12;07/12/1998
1998;12;07/12/1998
1998;12;08/12/1998
1998;12;08/12/1998
1998;12;08/12/1998
1998;12;08/12/1998
1998;12;08/12/1998
1998;12;09/12/1998
1998;12;09/12/1998
1998;12;11/12/1998
1998;12;11/12/1998
1998;12;11/12/1998
1998;12;12/12/1998
1998;12;12/12/1998
1998;12;14/12/1998
1998;12;14/12/1998
1998;12;14/12/1998
1998;12;14/12/1998
1998;12;14/12/1998
1998;12;15/12/1998
1998;12;15/12/1998
1998;12;15/12/1998
1998;12;16/12/1998
1998;12;16/12/1998
1998;12;17/12/1998
1998;12;17/12/1998
1998;12;17/12/1998
1998;12;17/12/1998
1998;12;17/12/1998
1998;12;18/12/1998
1998;12;20/12/1998
1998;12;21/12/1998
1998;12;21/12/1998
1998;12;21/12/1998
1998;12;21/12/1998
1998;12;21/12/1998
1998;12;21/12/1998
1998;12;21/12/1998
1998;12;21/12/1998
1998;12;21/12/1998
1998;12;22/12/1998
1998;12;22/12/1998
1998;12;22/12/1998
1998;12;24/12/1998
1998;12;25/12/1998
1998;12;26/12/1998
1998;12;26/12/1998
1998;12;28/12/1998
1998;12;28/12/1998
1998;12;28/12/1998
1998;12;28/12/1998
1998;12;28/12/1998
1998;12;28/12/1998
1998;12;28/12/1998
1998;12;28/12/1998
1998;12;29/12/1998
1998;12;29/12/1998
1998;12;29/12/1998
1998;12;29/12/1998
1998;12;29/12/1998
1998;12;30/12/1998
1998;12;30/12/1998
1998;12;30/12/1998
1998;12;31/12/1998
1998;12;31/12/1998
1998;12;31/12/1998
1998;12;31/12/1998
1999;1;01/01/1999
1999;1;02/01/1999
1999;1;02/01/1999
1999;1;04/01/1999
1999;1;04/01/1999
1999;1;04/01/1999
1999;1;04/01/1999
1999;1;04/01/1999
1999;1;04/01/1999
1999;1;05/01/1999
1999;1;05/01/1999
1999;1;05/01/1999
1999;1;06/01/1999
1999;1;06/01/1999
1999;1;07/01/1999
1999;1;07/01/1999
1999;1;07/01/1999
1999;1;07/01/1999
1999;1;07/01/1999
1999;1;08/01/1999
1999;1;11/01/1999
1999;1;11/01/1999
1999;1;11/01/1999
1999;1;11/01/1999
1999;1;11/01/1999
1999;1;12/01/1999
1999;1;13/01/1999
1999;1;13/01/1999
1999;1;13/01/1999
1999;1;13/01/1999
1999;1;13/01/1999
1999;1;13/01/1999
1999;1;14/01/1999
1999;1;14/01/1999
1999;1;14/01/1999
1999;1;14/01/1999
1999;1;15/01/1999
1999;1;15/01/1999
1999;1;17/01/1999
1999;1;18/01/1999
1999;1;18/01/1999
1999;1;18/01/1999
1999;1;18/01/1999
1999;1;19/01/1999
1999;1;19/01/1999
1999;1;20/01/1999
1999;1;20/01/1999
1999;1;22/01/1999
1999;1;22/01/1999
1999;1;22/01/1999
1999;1;24/01/1999
1999;1;25/01/1999
1999;1;25/01/1999
1999;1;25/01/1999
1999;1;25/01/1999
1999;1;26/01/1999
1999;1;26/01/1999
1999;1;26/01/1999
1999;1;26/01/1999
1999;1;27/01/1999
1999;1;28/01/1999
1999;1;29/01/1999
1999;2;01/02/1999
1999;2;01/02/1999
1999;2;01/02/1999
1999;2;01/02/1999
1999;2;02/02/1999
1999;2;03/02/1999
1999;2;03/02/1999
1999;2;03/02/1999
1999;2;04/02/1999
1999;2;04/02/1999
1999;2;04/02/1999
1999;2;08/02/1999
1999;2;12/02/1999
1999;2;12/02/1999
1999;2;13/02/1999
1999;2;15/02/1999
1999;2;16/02/1999
1999;2;17/02/1999
1999;2;18/02/1999
1999;2;18/02/1999
1999;2;22/02/1999
1999;2;23/02/1999
1999;2;25/02/1999
1999;2;25/02/1999
1999;2;26/02/1999
1999;2;26/02/1999
1999;3;02/03/1999
1999;3;03/03/1999
1999;3;03/03/1999
1999;3;03/03/1999
1999;3;04/03/1999
1999;3;04/03/1999
1999;3;04/03/1999
1999;3;05/03/1999
1999;3;10/03/1999
1999;3;12/03/1999
1999;3;14/03/1999
1999;3;18/03/1999
1999;3;21/03/1999
1999;3;22/03/1999
1999;3;24/03/1999
1999;3;26/03/1999
1999;3;27/03/1999
1999;3;29/03/1999
1999;3;31/03/1999
1999;4;02/04/1999
1999;4;02/04/1999
1999;4;04/04/1999
1999;4;06/04/1999
1999;4;07/04/1999
1999;4;09/04/1999
1999;4;10/04/1999
1999;4;16/04/1999
1999;4;23/04/1999
1999;4;28/04/1999
1999;4;29/04/1999
1999;5;01/05/1999
1999;5;03/05/1999
1999;5;03/05/1999
1999;5;04/05/1999
1999;5;04/05/1999
1999;5;05/05/1999
1999;5;06/05/1999
1999;5;10/05/1999
1999;5;13/05/1999
1999;5;17/05/1999
1999;5;18/05/1999
1999;5;20/05/1999
1999;5;21/05/1999
1999;5;22/05/1999
1999;5;23/05/1999
1999;6;07/06/1999
1999;6;07/06/1999
1999;6;09/06/1999
1999;6;10/06/1999
1999;6;11/06/1999
1999;6;11/06/1999
1999;6;11/06/1999
1999;6;12/06/1999
1999;6;15/06/1999
1999;6;16/06/1999
1999;6;16/06/1999
1999;6;16/06/1999
1999;6;18/06/1999
1999;6;18/06/1999
1999;6;18/06/1999
1999;6;22/06/1999
1999;6;24/06/1999
1999;6;27/06/1999
1999;6;28/06/1999
1999;6;28/06/1999
1999;6;28/06/1999
1999;6;29/06/1999
1999;6;29/06/1999
1999;6;30/06/1999
1999;7;02/07/1999
1999;7;02/07/1999
1999;7;07/07/1999
1999;7;07/07/1999
1999;7;08/07/1999
1999;7;08/07/1999
1999;7;11/07/1999
1999;7;12/07/1999
1999;7;13/07/1999
1999;7;13/07/1999
1999;7;14/07/1999
1999;7;15/07/1999
1999;7;15/07/1999
1999;7;15/07/1999
1999;7;15/07/1999
1999;7;16/07/1999
1999;7;16/07/1999
1999;7;16/07/1999
1999;7;19/07/1999
1999;7;20/07/1999
1999;7;20/07/1999
1999;7;20/07/1999
1999;7;21/07/1999
1999;7;22/07/1999
1999;7;22/07/1999
1999;7;23/07/1999
1999;7;24/07/1999
1999;7;26/07/1999
1999;7;26/07/1999
1999;7;26/07/1999
1999;7;27/07/1999
1999;7;27/07/1999
1999;7;27/07/1999
1999;7;28/07/1999
1999;7;28/07/1999
1999;7;29/07/1999
1999;7;29/07/1999
1999;7;29/07/1999
1999;7;29/07/1999
1999;7;29/07/1999
1999;7;30/07/1999
1999;7;30/07/1999
1999;8;01/08/1999
1999;8;02/08/1999
1999;8;02/08/1999
1999;8;02/08/1999
1999;8;02/08/1999
1999;8;02/08/1999
1999;8;02/08/1999
1999;8;03/08/1999
1999;8;03/08/1999
1999;8;04/08/1999
1999;8;04/08/1999
1999;8;05/08/1999
1999;8;05/08/1999
1999;8;05/08/1999
1999;8;06/08/1999
1999;8;06/08/1999
1999;8;06/08/1999
1999;8;07/08/1999
1999;8;09/08/1999
1999;8;09/08/1999
1999;8;09/08/1999
1999;8;10/08/1999
1999;8;10/08/1999
1999;8;11/08/1999
1999;8;11/08/1999
1999;8;11/08/1999
1999;8;11/08/1999
1999;8;12/08/1999
1999;8;12/08/1999
1999;8;13/08/1999
1999;8;15/08/1999
1999;8;16/08/1999
1999;8;16/08/1999
1999;8;16/08/1999
1999;8;17/08/1999
1999;8;17/08/1999
1999;8;17/08/1999
1999;8;17/08/1999
1999;8;18/08/1999
1999;8;18/08/1999
1999;8;19/08/1999
1999;8;19/08/1999
1999;8;19/08/1999
1999;8;19/08/1999
1999;8;19/08/1999
1999;8;20/08/1999
1999;8;20/08/1999
1999;8;20/08/1999
1999;8;20/08/1999
1999;8;20/08/1999
1999;8;22/08/1999
1999;8;23/08/1999
1999;8;23/08/1999
1999;8;23/08/1999
1999;8;23/08/1999
1999;8;23/08/1999
1999;8;23/08/1999
1999;8;23/08/1999
1999;8;23/08/1999
1999;8;24/08/1999
1999;8;25/08/1999
1999;8;25/08/1999
1999;8;25/08/1999
1999;8;26/08/1999
1999;8;26/08/1999
1999;8;26/08/1999
1999;8;27/08/1999
1999;8;28/08/1999
1999;8;30/08/1999
1999;8;30/08/1999
1999;8;30/08/1999
1999;8;31/08/1999
1999;9;01/09/1999
1999;9;01/09/1999
1999;9;01/09/1999
1999;9;01/09/1999
1999;9;02/09/1999
1999;9;02/09/1999
1999;9;02/09/1999
1999;9;02/09/1999
1999;9;03/09/1999
1999;9;03/09/1999
1999;9;03/09/1999
1999;9;05/09/1999
1999;9;06/09/1999
1999;9;06/09/1999
1999;9;06/09/1999
1999;9;06/09/1999
1999;9;07/09/1999
1999;9;07/09/1999
1999;9;08/09/1999
1999;9;08/09/1999
1999;9;08/09/1999
1999;9;09/09/1999
1999;9;09/09/1999
1999;9;09/09/1999
1999;9;09/09/1999
1999;9;09/09/1999
1999;9;09/09/1999
1999;9;10/09/1999
1999;9;10/09/1999
1999;9;10/09/1999
1999;9;10/09/1999
1999;9;10/09/1999
1999;9;11/09/1999
1999;9;11/09/1999
1999;9;12/09/1999
1999;9;13/09/1999
1999;9;13/09/1999
1999;9;13/09/1999
1999;9;14/09/1999
1999;9;14/09/1999
1999;9;14/09/1999
1999;9;14/09/1999
1999;9;14/09/1999
1999;9;14/09/1999
1999;9;15/09/1999
1999;9;15/09/1999
1999;9;15/09/1999
1999;9;15/09/1999
1999;9;17/09/1999
1999;9;18/09/1999
1999;9;18/09/1999
1999;9;19/09/1999
1999;9;20/09/1999
1999;9;20/09/1999
1999;9;20/09/1999
1999;9;20/09/1999
1999;9;20/09/1999
1999;9;21/09/1999
1999;9;21/09/1999
1999;9;21/09/1999
1999;9;22/09/1999
1999;9;23/09/1999
1999;9;23/09/1999
1999;9;24/09/1999
1999;9;26/09/1999
1999;9;27/09/1999
1999;9;27/09/1999
1999;9;27/09/1999
1999;9;28/09/1999
1999;9;28/09/1999
1999;9;28/09/1999
1999;9;30/09/1999
1999;9;30/09/1999
1999;9;30/09/1999
1999;9;30/09/1999
1999;10;02/10/1999
1999;10;04/10/1999
1999;10;04/10/1999
1999;10;06/10/1999
1999;10;06/10/1999
1999;10;07/10/1999
1999;10;07/10/1999
1999;10;07/10/1999
1999;10;07/10/1999
1999;10;08/10/1999
1999;10;10/10/1999
1999;10;11/10/1999
1999;10;11/10/1999
1999;10;11/10/1999
1999;10;11/10/1999
1999;10;11/10/1999
1999;10;12/10/1999
1999;10;12/10/1999
1999;10;13/10/1999
1999;10;13/10/1999
1999;10;13/10/1999
1999;10;14/10/1999
1999;10;14/10/1999
1999;10;14/10/1999
1999;10;14/10/1999
1999;10;14/10/1999
1999;10;14/10/1999
1999;10;14/10/1999
1999;10;15/10/1999
1999;10;15/10/1999
1999;10;18/10/1999
1999;10;18/10/1999
1999;10;18/10/1999
1999;10;18/10/1999
1999;10;18/10/1999
1999;10;18/10/1999
1999;10;18/10/1999
1999;10;19/10/1999
1999;10;19/10/1999
1999;10;20/10/1999
1999;10;20/10/1999
1999;10;20/10/1999
1999;10;21/10/1999
1999;10;21/10/1999
1999;10;21/10/1999
1999;10;22/10/1999
1999;10;22/10/1999
1999;10;23/10/1999
1999;10;25/10/1999
1999;10;25/10/1999
1999;10;25/10/1999
1999;10;25/10/1999
1999;10;25/10/1999
1999;10;26/10/1999
1999;10;27/10/1999
1999;10;27/10/1999
1999;10;27/10/1999
1999;10;27/10/1999
1999;10;27/10/1999
1999;10;28/10/1999
1999;10;28/10/1999
1999;10;29/10/1999
1999;10;29/10/1999
1999;10;29/10/1999
1999;10;30/10/1999
1999;10;30/10/1999
1999;10;30/10/1999
1999;10;31/10/1999
1999;11;01/11/1999
1999;11;01/11/1999
1999;11;01/11/1999
1999;11;02/11/1999
1999;11;02/11/1999
1999;11;02/11/1999
1999;11;03/11/1999
1999;11;03/11/1999
1999;11;03/11/1999
1999;11;03/11/1999
1999;11;03/11/1999
1999;11;04/11/1999
1999;11;04/11/1999
1999;11;04/11/1999
1999;11;05/11/1999
1999;11;05/11/1999
1999;11;05/11/1999
1999;11;05/11/1999
1999;11;06/11/1999
1999;11;06/11/1999
1999;11;08/11/1999
1999;11;08/11/1999
1999;11;08/11/1999
1999;11;08/11/1999
1999;11;08/11/1999
1999;11;08/11/1999
1999;11;08/11/1999
1999;11;09/11/1999
1999;11;09/11/1999
1999;11;09/11/1999
1999;11;09/11/1999
1999;11;10/11/1999
1999;11;10/11/1999
1999;11;10/11/1999
1999;11;10/11/1999
1999;11;10/11/1999
1999;11;11/11/1999
1999;11;11/11/1999
1999;11;11/11/1999
1999;11;11/11/1999
1999;11;11/11/1999
1999;11;11/11/1999
1999;11;11/11/1999
1999;11;11/11/1999
1999;11;11/11/1999
1999;11;12/11/1999
1999;11;12/11/1999
1999;11;12/11/1999
1999;11;14/11/1999
1999;11;15/11/1999
1999;11;15/11/1999
1999;11;15/11/1999
1999;11;16/11/1999
1999;11;17/11/1999
1999;11;18/11/1999
1999;11;18/11/1999
1999;11;18/11/1999
1999;11;19/11/1999
1999;11;19/11/1999
1999;11;19/11/1999
1999;11;19/11/1999
1999;11;22/11/1999
1999;11;22/11/1999
1999;11;22/11/1999
1999;11;22/11/1999
1999;11;22/11/1999
1999;11;22/11/1999
1999;11;22/11/1999
1999;11;22/11/1999
1999;11;22/11/1999
1999;11;22/11/1999
1999;11;23/11/1999
1999;11;23/11/1999
1999;11;23/11/1999
1999;11;23/11/1999
1999;11;23/11/1999
1999;11;23/11/1999
1999;11;24/11/1999
1999;11;24/11/1999
1999;11;24/11/1999
1999;11;24/11/1999
1999;11;25/11/1999
1999;11;25/11/1999
1999;11;25/11/1999
1999;11;26/11/1999
1999;11;26/11/1999
1999;11;26/11/1999
1999;11;26/11/1999
1999;11;26/11/1999
1999;11;27/11/1999
1999;11;27/11/1999
1999;11;29/11/1999
1999;11;29/11/1999
1999;11;29/11/1999
1999;11;29/11/1999
1999;11;30/11/1999
1999;11;30/11/1999
1999;11;30/11/1999
1999;11;30/11/1999
1999;11;30/11/1999
1999;11;30/11/1999
1999;11;30/11/1999
1999;11;30/11/1999
1999;11;30/11/1999
1999;11;30/11/1999
1999;11;30/11/1999
1999;12;01/12/1999
1999;12;01/12/1999
1999;12;01/12/1999
1999;12;01/12/1999
1999;12;02/12/1999
1999;12;02/12/1999
1999;12;02/12/1999
1999;12;02/12/1999
1999;12;02/12/1999
1999;12;03/12/1999
1999;12;03/12/1999
1999;12;03/12/1999
1999;12;03/12/1999
1999;12;03/12/1999
1999;12;03/12/1999
1999;12;03/12/1999
1999;12;05/12/1999
1999;12;06/12/1999
1999;12;06/12/1999
1999;12;06/12/1999
1999;12;07/12/1999
1999;12;07/12/1999
1999;12;07/12/1999
1999;12;07/12/1999
1999;12;07/12/1999
1999;12;08/12/1999
1999;12;08/12/1999
1999;12;08/12/1999
1999;12;08/12/1999
1999;12;08/12/1999
1999;12;09/12/1999
1999;12;09/12/1999
1999;12;09/12/1999
1999;12;09/12/1999
1999;12;09/12/1999
1999;12;09/12/1999
1999;12;09/12/1999
1999;12;10/12/1999
1999;12;10/12/1999
1999;12;10/12/1999
1999;12;10/12/1999
1999;12;10/12/1999
1999;12;13/12/1999
1999;12;13/12/1999
1999;12;13/12/1999
1999;12;13/12/1999
1999;12;13/12/1999
1999;12;13/12/1999
1999;12;13/12/1999
1999;12;13/12/1999
1999;12;14/12/1999
1999;12;14/12/1999
1999;12;14/12/1999
1999;12;14/12/1999
1999;12;14/12/1999
1999;12;14/12/1999
1999;12;15/12/1999
1999;12;15/12/1999
1999;12;15/12/1999
1999;12;16/12/1999
1999;12;17/12/1999
1999;12;17/12/1999
1999;12;17/12/1999
1999;12;17/12/1999
1999;12;17/12/1999
1999;12;17/12/1999
1999;12;17/12/1999
1999;12;20/12/1999
1999;12;20/12/1999
1999;12;20/12/1999
1999;12;20/12/1999
1999;12;20/12/1999
1999;12;21/12/1999
1999;12;22/12/1999
1999;12;22/12/1999
1999;12;22/12/1999
1999;12;23/12/1999
1999;12;24/12/1999
1999;12;25/12/1999
1999;12;25/12/1999
1999;12;26/12/1999
1999;12;27/12/1999
1999;12;27/12/1999
1999;12;27/12/1999
1999;12;27/12/1999
1999;12;27/12/1999
1999;12;27/12/1999
1999;12;28/12/1999
1999;12;29/12/1999
1999;12;29/12/1999
1999;12;30/12/1999
1999;12;30/12/1999
1999;12;31/12/1999
2000;1;01/01/2000
2000;1;03/01/2000
2000;1;03/01/2000
2000;1;03/01/2000
2000;1;03/01/2000
2000;1;04/01/2000
2000;1;04/01/2000
2000;1;05/01/2000
2000;1;05/01/2000
2000;1;09/01/2000
2000;1;10/01/2000
2000;1;10/01/2000
2000;1;11/01/2000
2000;1;11/01/2000
2000;1;12/01/2000
2000;1;14/01/2000
2000;1;17/01/2000
2000;1;18/01/2000
2000;1;19/01/2000
2000;1;20/01/2000
2000;1;20/01/2000
2000;1;20/01/2000
2000;1;24/01/2000
2000;1;25/01/2000
2000;1;26/01/2000
2000;1;26/01/2000
2000;1;26/01/2000
2000;1;26/01/2000
2000;1;26/01/2000
2000;1;27/01/2000
2000;1;28/01/2000
2000;1;31/01/2000
2000;2;01/02/2000
2000;2;02/02/2000
2000;2;04/02/2000
2000;2;04/02/2000
2000;2;04/02/2000
2000;2;04/02/2000
2000;2;07/02/2000
2000;2;08/02/2000
2000;2;09/02/2000
2000;2;09/02/2000
2000;2;11/02/2000
2000;2;12/02/2000
2000;2;14/02/2000
2000;2;15/02/2000
2000;2;21/02/2000
2000;2;21/02/2000
2000;2;25/02/2000
2000;2;25/02/2000
2000;2;28/02/2000
2000;2;29/02/2000
2000;3;03/03/2000
2000;3;03/03/2000
2000;3;10/03/2000
2000;3;13/03/2000
2000;3;14/03/2000
2000;3;15/03/2000
2000;3;16/03/2000
2000;3;16/03/2000
2000;3;16/03/2000
2000;3;17/03/2000
2000;3;17/03/2000
2000;3;18/03/2000
2000;3;19/03/2000
2000;3;20/03/2000
2000;3;23/03/2000
2000;3;23/03/2000
2000;3;28/03/2000
2000;4;03/04/2000
2000;4;03/04/2000
2000;4;04/04/2000
2000;4;04/04/2000
2000;4;05/04/2000
2000;4;07/04/2000
2000;4;07/04/2000
2000;4;08/04/2000
2000;4;11/04/2000
2000;4;12/04/2000
2000;4;12/04/2000
2000;4;17/04/2000
2000;4;19/04/2000
2000;4;23/04/2000
2000;4;24/04/2000
2000;4;25/04/2000
2000;4;25/04/2000
2000;4;28/04/2000
2000;4;28/04/2000
2000;4;30/04/2000
2000;5;02/05/2000
2000;5;02/05/2000
2000;5;02/05/2000
2000;5;03/05/2000
2000;5;05/05/2000
2000;5;08/05/2000
2000;5;08/05/2000
2000;5;09/05/2000
2000;5;11/05/2000
2000;5;15/05/2000
2000;5;17/05/2000
2000;5;20/05/2000
2000;5;25/05/2000
2000;5;25/05/2000
2000;5;25/05/2000
2000;5;26/05/2000
2000;5;30/05/2000
2000;5;31/05/2000
2000;6;02/06/2000
2000;6;02/06/2000
2000;6;03/06/2000
2000;6;05/06/2000
2000;6;06/06/2000
2000;6;11/06/2000
2000;6;13/06/2000
2000;6;14/06/2000
2000;6;16/06/2000
2000;6;24/06/2000
2000;6;28/06/2000
2000;6;29/06/2000
2000;6;30/06/2000
2000;7;03/07/2000
2000;7;07/07/2000
2000;7;07/07/2000
2000;7;07/07/2000
2000;7;07/07/2000
2000;7;10/07/2000
2000;7;11/07/2000
2000;7;12/07/2000
2000;7;12/07/2000
2000;7;13/07/2000
2000;7;13/07/2000
2000;7;20/07/2000
2000;7;20/07/2000
2000;7;21/07/2000
2000;7;21/07/2000
2000;7;22/07/2000
2000;7;23/07/2000
2000;7;25/07/2000
2000;7;26/07/2000
2000;7;28/07/2000
2000;7;28/07/2000
2000;7;28/07/2000
2000;7;31/07/2000
2000;7;31/07/2000
2000;8;01/08/2000
2000;8;03/08/2000
2000;8;04/08/2000
2000;8;07/08/2000
2000;8;08/08/2000
2000;8;09/08/2000
2000;8;10/08/2000
2000;8;10/08/2000
2000;8;12/08/2000
2000;8;14/08/2000
2000;8;14/08/2000
2000;8;15/08/2000
2000;8;18/08/2000
2000;8;21/08/2000
2000;8;22/08/2000
2000;8;22/08/2000
2000;8;22/08/2000
2000;8;24/08/2000
2000;8;28/08/2000
2000;8;28/08/2000
2000;8;30/08/2000
2000;8;31/08/2000
2000;8;31/08/2000
2000;9;01/09/2000
2000;9;02/09/2000
2000;9;06/09/2000
2000;9;07/09/2000
2000;9;07/09/2000
2000;9;08/09/2000
2000;9;11/09/2000
2000;9;11/09/2000
2000;9;12/09/2000
2000;9;13/09/2000
2000;9;14/09/2000
2000;9;15/09/2000
2000;9;17/09/2000
2000;9;18/09/2000
2000;9;19/09/2000
2000;9;26/09/2000
2000;9;27/09/2000
2000;10;01/10/2000
2000;10;02/10/2000
2000;10;02/10/2000
2000;10;02/10/2000
2000;10;02/10/2000
2000;10;04/10/2000
2000;10;04/10/2000
2000;10;05/10/2000
2000;10;05/10/2000
2000;10;06/10/2000
2000;10;09/10/2000
2000;10;10/10/2000
2000;10;11/10/2000
2000;10;13/10/2000
2000;10;17/10/2000
2000;10;17/10/2000
2000;10;17/10/2000
2000;10;17/10/2000
2000;10;17/10/2000
2000;10;18/10/2000
2000;10;18/10/2000
2000;10;22/10/2000
2000;10;23/10/2000
2000;10;24/10/2000
2000;10;26/10/2000
2000;10;27/10/2000
2000;10;30/10/2000
2000;11;03/11/2000
2000;11;06/11/2000
2000;11;07/11/2000
2000;11;09/11/2000
2000;11;10/11/2000
2000;11;12/11/2000
2000;11;13/11/2000
2000;11;13/11/2000
2000;11;13/11/2000
2000;11;16/11/2000
2000;11;16/11/2000
2000;11;17/11/2000
2000;11;20/11/2000
2000;11;20/11/2000
2000;11;21/11/2000
2000;11;23/11/2000
2000;11;23/11/2000
2000;11;23/11/2000
2000;11;23/11/2000
2000;11;27/11/2000
2000;11;27/11/2000
2000;11;28/11/2000
2000;11;29/11/2000
2000;11;30/11/2000
2000;11;30/11/2000
2000;12;04/12/2000
2000;12;04/12/2000
2000;12;04/12/2000
2000;12;05/12/2000
2000;12;07/12/2000
2000;12;07/12/2000
2000;12;07/12/2000
2000;12;08/12/2000
2000;12;08/12/2000
2000;12;08/12/2000
2000;12;08/12/2000
2000;12;09/12/2000
2000;12;12/12/2000
2000;12;13/12/2000
2000;12;15/12/2000
2000;12;18/12/2000
2000;12;19/12/2000
2000;12;21/12/2000
2000;12;25/12/2000
2000;12;25/12/2000
2000;12;27/12/2000
2000;12;27/12/2000
2000;12;27/12/2000
2000;12;27/12/2000
2000;12;28/12/2000
2000;12;28/12/2000
2000;12;28/12/2000
2000;12;28/12/2000
2000;12;29/12/2000
2000;12;31/12/2000
2001;1;03/01/2001
2001;1;04/01/2001
2001;1;05/01/2001
2001;1;08/01/2001
2001;1;09/01/2001
2001;1;13/01/2001
2001;1;15/01/2001
2001;1;16/01/2001
2001;1;18/01/2001
2001;1;19/01/2001
2001;1;21/01/2001
2001;1;22/01/2001
2001;1;25/01/2001
2001;2;07/02/2001
2001;2;23/02/2001
2001;2;23/02/2001
2001;3;14/03/2001
2001;3;27/03/2001
2001;4;10/04/2001
2001;4;14/04/2001
2001;5;02/05/2001
2001;5;16/05/2001
2001;5;29/05/2001
2001;5;30/05/2001
2001;6;03/06/2001
2001;6;04/06/2001
2001;6;11/06/2001
2001;6;19/06/2001
2001;6;21/06/2001
2001;6;21/06/2001
2001;6;21/06/2001
2001;6;24/06/2001
2001;6;26/06/2001
2001;6;27/06/2001
2001;7;06/07/2001
2001;7;12/07/2001
2001;7;13/07/2001
2001;7;13/07/2001
2001;7;13/07/2001
2001;7;16/07/2001
2001;7;19/07/2001
2001;7;23/07/2001
2001;7;23/07/2001
2001;7;23/07/2001
2001;7;23/07/2001
2001;7;24/07/2001
2001;7;26/07/2001
2001;7;26/07/2001
2001;7;26/07/2001
2001;7;26/07/2001
2001;7;27/07/2001
2001;7;27/07/2001
2001;7;27/07/2001
2001;7;28/07/2001
2001;7;30/07/2001
2001;7;30/07/2001
2001;8;02/08/2001
2001;8;02/08/2001
2001;8;06/08/2001
2001;8;07/08/2001
2001;8;09/08/2001
2001;8;09/08/2001
2001;8;10/08/2001
2001;8;11/08/2001
2001;8;13/08/2001
2001;8;14/08/2001
2001;8;20/08/2001
2001;8;22/08/2001
2001;8;22/08/2001
2001;8;23/08/2001
2001;8;24/08/2001
2001;8;30/08/2001
2001;8;30/08/2001
2001;8;31/08/2001
2001;8;31/08/2001
2001;8;31/08/2001
2001;9;03/09/2001
2001;9;04/09/2001
2001;9;06/09/2001
2001;9;07/09/2001
2001;9;07/09/2001
2001;9;07/09/2001
2001;9;09/09/2001
2001;9;09/09/2001
2001;9;10/09/2001
2001;9;11/09/2001
2001;9;11/09/2001
2001;9;11/09/2001
2001;9;12/09/2001
2001;9;12/09/2001
2001;9;19/09/2001
2001;9;20/09/2001
2001;9;21/09/2001
2001;9;21/09/2001
2001;9;21/09/2001
2001;9;25/09/2001
2001;9;26/09/2001
2001;9;26/09/2001
2001;9;27/09/2001
2001;9;27/09/2001
2001;9;29/09/2001
2001;9;29/09/2001
2001;9;30/09/2001
2001;10;01/10/2001
2001;10;01/10/2001
2001;10;02/10/2001
2001;10;04/10/2001
2001;10;04/10/2001
2001;10;04/10/2001
2001;10;04/10/2001
2001;10;04/10/2001
2001;10;04/10/2001
2001;10;07/10/2001
2001;10;08/10/2001
2001;10;08/10/2001
2001;10;09/10/2001
2001;10;10/10/2001
2001;10;10/10/2001
2001;10;11/10/2001
2001;10;12/10/2001
2001;10;12/10/2001
2001;10;12/10/2001
2001;10;15/10/2001
2001;10;15/10/2001
2001;10;15/10/2001
2001;10;15/10/2001
2001;10;16/10/2001
2001;10;18/10/2001
2001;10;19/10/2001
2001;10;19/10/2001
2001;10;19/10/2001
2001;10;22/10/2001
2001;10;23/10/2001
2001;10;23/10/2001
2001;10;24/10/2001
2001;10;25/10/2001
2001;10;29/10/2001
2001;10;30/10/2001
2001;10;31/10/2001
2001;11;02/11/2001
2001;11;02/11/2001
2001;11;04/11/2001
2001;11;05/11/2001
2001;11;05/11/2001
2001;11;05/11/2001
2001;11;06/11/2001
2001;11;06/11/2001
2001;11;06/11/2001
2001;11;07/11/2001
2001;11;07/11/2001
2001;11;08/11/2001
2001;11;09/11/2001
2001;11;09/11/2001
2001;11;11/11/2001
2001;11;12/11/2001
2001;11;12/11/2001
2001;11;12/11/2001
2001;11;13/11/2001
2001;11;13/11/2001
2001;11;13/11/2001
2001;11;15/11/2001
2001;11;19/11/2001
2001;11;19/11/2001
2001;11;21/11/2001
2001;11;21/11/2001
2001;11;21/11/2001
2001;11;21/11/2001
2001;11;21/11/2001
2001;11;21/11/2001
2001;11;22/11/2001
2001;11;22/11/2001
2001;11;23/11/2001
2001;11;24/11/2001
2001;11;26/11/2001
2001;11;26/11/2001
2001;11;26/11/2001
2001;11;26/11/2001
2001;11;26/11/2001
2001;11;26/11/2001
2001;11;26/11/2001
2001;11;27/11/2001
2001;11;27/11/2001
2001;11;27/11/2001
2001;11;27/11/2001
2001;11;27/11/2001
2001;11;28/11/2001
2001;11;28/11/2001
2001;11;28/11/2001
2001;11;28/11/2001
2001;11;28/11/2001
2001;11;28/11/2001
2001;11;28/11/2001
2001;11;28/11/2001
2001;11;29/11/2001
2001;11;29/11/2001
2001;11;29/11/2001
2001;11;29/11/2001
2001;11;30/11/2001
2001;11;30/11/2001
2001;12;01/12/2001
2001;12;01/12/2001
2001;12;02/12/2001
2001;12;03/12/2001
2001;12;03/12/2001
2001;12;03/12/2001
2001;12;03/12/2001
2001;12;04/12/2001
2001;12;04/12/2001
2001;12;05/12/2001
2001;12;05/12/2001
2001;12;05/12/2001
2001;12;06/12/2001
2001;12;07/12/2001
2001;12;07/12/2001
2001;12;07/12/2001
2001;12;07/12/2001
2001;12;07/12/2001
2001;12;07/12/2001
2001;12;07/12/2001
2001;12;08/12/2001
2001;12;09/12/2001
2001;12;09/12/2001
2001;12;10/12/2001
2001;12;10/12/2001
2001;12;10/12/2001
2001;12;10/12/2001
2001;12;10/12/2001
2001;12;10/12/2001
2001;12;10/12/2001
2001;12;11/12/2001
2001;12;12/12/2001
2001;12;12/12/2001
2001;12;12/12/2001
2001;12;12/12/2001
2001;12;13/12/2001
2001;12;13/12/2001
2001;12;13/12/2001
2001;12;13/12/2001
2001;12;14/12/2001
2001;12;14/12/2001
2001;12;14/12/2001
2001;12;14/12/2001
2001;12;15/12/2001
2001;12;16/12/2001
2001;12;16/12/2001
2001;12;17/12/2001
2001;12;17/12/2001
2001;12;17/12/2001
2001;12;17/12/2001
2001;12;17/12/2001
2001;12;17/12/2001
2001;12;17/12/2001
2001;12;18/12/2001
2001;12;18/12/2001
2001;12;18/12/2001
2001;12;18/12/2001
2001;12;18/12/2001
2001;12;18/12/2001
2001;12;18/12/2001
2001;12;18/12/2001
2001;12;18/12/2001
2001;12;18/12/2001
2001;12;19/12/2001
2001;12;19/12/2001
2001;12;19/12/2001
2001;12;19/12/2001
2001;12;19/12/2001
2001;12;19/12/2001
2001;12;19/12/2001
2001;12;19/12/2001
2001;12;19/12/2001
2001;12;20/12/2001
2001;12;21/12/2001
2001;12;21/12/2001
2001;12;21/12/2001
2001;12;22/12/2001
2001;12;23/12/2001
2001;12;24/12/2001
2001;12;24/12/2001
2001;12;27/12/2001
2001;12;27/12/2001
2001;12;27/12/2001
2001;12;28/12/2001
2001;12;28/12/2001
2001;12;28/12/2001
2001;12;28/12/2001
2001;12;28/12/2001
2001;12;28/12/2001
2001;12;29/12/2001
2001;12;29/12/2001
2001;12;30/12/2001
2001;12;30/12/2001
2001;12;31/12/2001
2001;12;31/12/2001
2001;12;31/12/2001
2002;1;01/01/2002
2002;1;02/01/2002
2002;1;02/01/2002
2002;1;02/01/2002
2002;1;03/01/2002
2002;1;04/01/2002
2002;1;06/01/2002
2002;1;06/01/2002
2002;1;07/01/2002
2002;1;07/01/2002
2002;1;07/01/2002
2002;1;07/01/2002
2002;1;07/01/2002
2002;1;07/01/2002
2002;1;07/01/2002
2002;1;07/01/2002
2002;1;07/01/2002
2002;1;09/01/2002
2002;1;09/01/2002
2002;1;09/01/2002
2002;1;10/01/2002
2002;1;12/01/2002
2002;1;12/01/2002
2002;1;13/01/2002
2002;1;14/01/2002
2002;1;14/01/2002
2002;1;14/01/2002
2002;1;14/01/2002
2002;1;14/01/2002
2002;1;14/01/2002
2002;1;15/01/2002
2002;1;15/01/2002
2002;1;16/01/2002
2002;1;17/01/2002
2002;1;17/01/2002
2002;1;18/01/2002
2002;1;18/01/2002
2002;1;21/01/2002
2002;1;21/01/2002
2002;1;21/01/2002
2002;1;22/01/2002
2002;1;22/01/2002
2002;1;22/01/2002
2002;1;22/01/2002
2002;1;22/01/2002
2002;1;23/01/2002
2002;1;23/01/2002
2002;1;24/01/2002
2002;1;24/01/2002
2002;1;24/01/2002
2002;1;25/01/2002
2002;1;25/01/2002
2002;1;28/01/2002
2002;1;28/01/2002
2002;1;30/01/2002
2002;1;30/01/2002
2002;1;30/01/2002
2002;2;01/02/2002
2002;2;01/02/2002
2002;2;03/02/2002
2002;2;04/02/2002
2002;2;04/02/2002
2002;2;05/02/2002
2002;2;05/02/2002
2002;2;05/02/2002
2002;2;05/02/2002
2002;2;05/02/2002
2002;2;06/02/2002
2002;2;06/02/2002
2002;2;06/02/2002
2002;2;07/02/2002
2002;2;08/02/2002
2002;2;11/02/2002
2002;2;11/02/2002
2002;2;11/02/2002
2002;2;11/02/2002
2002;2;11/02/2002
2002;2;11/02/2002
2002;2;12/02/2002
2002;2;13/02/2002
2002;2;15/02/2002
2002;2;15/02/2002
2002;2;15/02/2002
2002;2;15/02/2002
2002;2;15/02/2002
2002;2;15/02/2002
2002;2;16/02/2002
2002;2;17/02/2002
2002;2;17/02/2002
2002;2;18/02/2002
2002;2;18/02/2002
2002;2;18/02/2002
2002;2;18/02/2002
2002;2;18/02/2002
2002;2;19/02/2002
2002;2;19/02/2002
2002;2;19/02/2002
2002;2;20/02/2002
2002;2;20/02/2002
2002;2;22/02/2002
2002;2;25/02/2002
2002;2;25/02/2002
2002;2;26/02/2002
2002;2;27/02/2002
2002;2;27/02/2002
2002;3;01/03/2002
2002;3;01/03/2002
2002;3;02/03/2002
2002;3;04/03/2002
2002;3;04/03/2002
2002;3;05/03/2002
2002;3;05/03/2002
2002;3;05/03/2002
2002;3;06/03/2002
2002;3;06/03/2002
2002;3;07/03/2002
2002;3;09/03/2002
2002;3;09/03/2002
2002;3;10/03/2002
2002;3;11/03/2002
2002;3;11/03/2002
2002;3;12/03/2002
2002;3;12/03/2002
2002;3;12/03/2002
2002;3;12/03/2002
2002;3;12/03/2002
2002;3;12/03/2002
2002;3;13/03/2002
2002;3;13/03/2002
2002;3;13/03/2002
2002;3;14/03/2002
2002;3;14/03/2002
2002;3;15/03/2002
2002;3;15/03/2002
2002;3;15/03/2002
2002;3;15/03/2002
2002;3;15/03/2002
2002;3;16/03/2002
2002;3;18/03/2002
2002;3;19/03/2002
2002;3;20/03/2002
2002;3;20/03/2002
2002;3;21/03/2002
2002;3;21/03/2002
2002;3;21/03/2002
2002;3;22/03/2002
2002;3;22/03/2002
2002;3;25/03/2002
2002;3;25/03/2002
2002;3;25/03/2002
2002;3;25/03/2002
2002;3;26/03/2002
2002;3;26/03/2002
2002;3;26/03/2002
2002;3;27/03/2002
2002;3;27/03/2002
2002;3;27/03/2002
2002;3;27/03/2002
2002;3;28/03/2002
2002;3;28/03/2002
2002;3;28/03/2002
2002;4;02/04/2002
2002;4;02/04/2002
2002;4;02/04/2002
2002;4;02/04/2002
2002;4;02/04/2002
2002;4;05/04/2002
2002;4;08/04/2002
2002;4;08/04/2002
2002;4;10/04/2002
2002;4;11/04/2002
2002;4;11/04/2002
2002;4;11/04/2002
2002;4;11/04/2002
2002;4;12/04/2002
2002;4;14/04/2002
2002;4;16/04/2002
2002;4;19/04/2002
2002;4;19/04/2002
2002;4;19/04/2002
2002;4;22/04/2002
2002;4;23/04/2002
2002;4;26/04/2002
2002;4;30/04/2002
2002;5;02/05/2002
2002;5;06/05/2002
2002;5;06/05/2002
2002;5;06/05/2002
2002;5;06/05/2002
2002;5;07/05/2002
2002;5;08/05/2002
2002;5;08/05/2002
2002;5;08/05/2002
2002;5;09/05/2002
2002;5;13/05/2002
2002;5;15/05/2002
2002;5;15/05/2002
2002;5;16/05/2002
2002;5;16/05/2002
2002;5;16/05/2002
2002;5;19/05/2002
2002;5;20/05/2002
2002;5;21/05/2002
2002;5;23/05/2002
2002;5;25/05/2002
2002;5;27/05/2002
2002;5;27/05/2002
2002;5;27/05/2002
2002;5;28/05/2002
2002;5;29/05/2002
2002;5;30/05/2002
2002;5;31/05/2002
2002;6;03/06/2002
2002;6;04/06/2002
2002;6;04/06/2002
2002;6;04/06/2002
2002;6;05/06/2002
2002;6;06/06/2002
2002;6;07/06/2002
2002;6;07/06/2002
2002;6;08/06/2002
2002;6;10/06/2002
2002;6;10/06/2002
2002;6;10/06/2002
2002;6;10/06/2002
2002;6;11/06/2002
2002;6;12/06/2002
2002;6;14/06/2002
2002;6;14/06/2002
2002;6;15/06/2002
2002;6;16/06/2002
2002;6;17/06/2002
2002;6;18/06/2002
2002;6;19/06/2002
2002;6;20/06/2002
2002;6;20/06/2002
2002;6;20/06/2002
2002;6;23/06/2002
2002;6;23/06/2002
2002;6;24/06/2002
2002;6;25/06/2002
2002;6;25/06/2002
2002;6;25/06/2002
2002;6;25/06/2002
2002;6;27/06/2002
2002;6;27/06/2002
2002;6;27/06/2002
2002;6;29/06/2002
2002;6;29/06/2002
2002;7;02/07/2002
2002;7;04/07/2002
2002;7;05/07/2002
2002;7;05/07/2002
2002;7;05/07/2002
2002;7;07/07/2002
2002;7;08/07/2002
2002;7;09/07/2002
2002;7;10/07/2002
2002;7;12/07/2002
2002;7;15/07/2002
2002;7;15/07/2002
2002;7;16/07/2002
2002;7;16/07/2002
2002;7;16/07/2002
2002;7;17/07/2002
2002;7;17/07/2002
2002;7;18/07/2002
2002;7;18/07/2002
2002;7;19/07/2002
2002;7;19/07/2002
2002;7;21/07/2002
2002;7;21/07/2002
2002;7;21/07/2002
2002;7;22/07/2002
2002;7;22/07/2002
2002;7;22/07/2002
2002;7;22/07/2002
2002;7;23/07/2002
2002;7;23/07/2002
2002;7;24/07/2002
2002;7;24/07/2002
2002;7;26/07/2002
2002;7;26/07/2002
2002;7;27/07/2002
2002;7;28/07/2002
2002;7;29/07/2002
2002;7;29/07/2002
2002;7;29/07/2002
2002;7;29/07/2002
2002;7;29/07/2002
2002;7;30/07/2002
2002;7;30/07/2002
2002;7;30/07/2002
2002;7;31/07/2002
2002;7;31/07/2002
2002;8;01/08/2002
2002;8;01/08/2002
2002;8;01/08/2002
2002;8;01/08/2002
2002;8;02/08/2002
2002;8;02/08/2002
2002;8;05/08/2002
2002;8;05/08/2002
2002;8;06/08/2002
2002;8;08/08/2002
2002;8;08/08/2002
2002;8;08/08/2002
2002;8;08/08/2002
2002;8;09/08/2002
2002;8;09/08/2002
2002;8;11/08/2002
2002;8;12/08/2002
2002;8;12/08/2002
2002;8;13/08/2002
2002;8;13/08/2002
2002;8;14/08/2002
2002;8;14/08/2002
2002;8;14/08/2002
2002;8;14/08/2002
2002;8;14/08/2002
2002;8;15/08/2002
2002;8;15/08/2002
2002;8;15/08/2002
2002;8;15/08/2002
2002;8;16/08/2002
2002;8;16/08/2002
2002;8;18/08/2002
2002;8;19/08/2002
2002;8;19/08/2002
2002;8;19/08/2002
2002;8;20/08/2002
2002;8;20/08/2002
2002;8;21/08/2002
2002;8;21/08/2002
2002;8;21/08/2002
2002;8;22/08/2002
2002;8;22/08/2002
2002;8;22/08/2002
2002;8;23/08/2002
2002;8;26/08/2002
2002;8;26/08/2002
2002;8;26/08/2002
2002;8;27/08/2002
2002;8;28/08/2002
2002;8;28/08/2002
2002;8;29/08/2002
2002;8;31/08/2002
2002;9;01/09/2002
2002;9;02/09/2002
2002;9;02/09/2002
2002;9;02/09/2002
2002;9;03/09/2002
2002;9;03/09/2002
2002;9;03/09/2002
2002;9;03/09/2002
2002;9;04/09/2002
2002;9;04/09/2002
2002;9;05/09/2002
2002;9;06/09/2002
2002;9;07/09/2002
2002;9;08/09/2002
2002;9;09/09/2002
2002;9;09/09/2002
2002;9;09/09/2002
2002;9;09/09/2002
2002;9;10/09/2002
2002;9;10/09/2002
2002;9;11/09/2002
2002;9;11/09/2002
2002;9;12/09/2002
2002;9;13/09/2002
2002;9;14/09/2002
2002;9;14/09/2002
2002;9;16/09/2002
2002;9;16/09/2002
2002;9;16/09/2002
2002;9;16/09/2002
2002;9;16/09/2002
2002;9;17/09/2002
2002;9;17/09/2002
2002;9;18/09/2002
2002;9;19/09/2002
2002;9;19/09/2002
2002;9;21/09/2002
2002;9;23/09/2002
2002;9;23/09/2002
2002;9;24/09/2002
2002;9;24/09/2002
2002;9;25/09/2002
2002;9;25/09/2002
2002;9;26/09/2002
2002;9;27/09/2002
2002;9;27/09/2002
2002;9;30/09/2002
2002;10;01/10/2002
2002;10;01/10/2002
2002;10;01/10/2002
2002;10;01/10/2002
2002;10;02/10/2002
2002;10;02/10/2002
2002;10;02/10/2002
2002;10;03/10/2002
2002;10;04/10/2002
2002;10;04/10/2002
2002;10;04/10/2002
2002;10;05/10/2002
2002;10;06/10/2002
2002;10;06/10/2002
2002;10;07/10/2002
2002;10;07/10/2002
2002;10;07/10/2002
2002;10;07/10/2002
2002;10;07/10/2002
2002;10;08/10/2002
2002;10;08/10/2002
2002;10;09/10/2002
2002;10;11/10/2002
2002;10;11/10/2002
2002;10;11/10/2002
2002;10;11/10/2002
2002;10;12/10/2002
2002;10;13/10/2002
2002;10;13/10/2002
2002;10;14/10/2002
2002;10;14/10/2002
2002;10;14/10/2002
2002;10;14/10/2002
2002;10;14/10/2002
2002;10;14/10/2002
2002;10;14/10/2002
2002;10;14/10/2002
2002;10;15/10/2002
2002;10;15/10/2002
2002;10;16/10/2002
2002;10;16/10/2002
2002;10;16/10/2002
2002;10;17/10/2002
2002;10;17/10/2002
2002;10;17/10/2002
2002;10;18/10/2002
2002;10;18/10/2002
2002;10;19/10/2002
2002;10;21/10/2002
2002;10;22/10/2002
2002;10;22/10/2002
2002;10;23/10/2002
2002;10;23/10/2002
2002;10;23/10/2002
2002;10;25/10/2002
2002;10;25/10/2002
2002;10;27/10/2002
2002;10;28/10/2002
2002;10;28/10/2002
2002;10;29/10/2002
2002;10;29/10/2002
2002;10;29/10/2002
2002;10;30/10/2002
2002;10;30/10/2002
2002;10;30/10/2002
2002;10;31/10/2002
2002;10;31/10/2002
2002;10;31/10/2002
2002;10;31/10/2002
2002;10;31/10/2002
2002;11;01/11/2002
2002;11;01/11/2002
2002;11;01/11/2002
2002;11;01/11/2002
2002;11;01/11/2002
2002;11;01/11/2002
2002;11;01/11/2002
2002;11;02/11/2002
2002;11;03/11/2002
2002;11;04/11/2002
2002;11;04/11/2002
2002;11;04/11/2002
2002;11;05/11/2002
2002;11;05/11/2002
2002;11;05/11/2002
2002;11;05/11/2002
2002;11;05/11/2002
2002;11;06/11/2002
2002;11;06/11/2002
2002;11;06/11/2002
2002;11;06/11/2002
2002;11;06/11/2002
2002;11;06/11/2002
2002;11;07/11/2002
2002;11;07/11/2002
2002;11;07/11/2002
2002;11;07/11/2002
2002;11;07/11/2002
2002;11;07/11/2002
2002;11;07/11/2002
2002;11;08/11/2002
2002;11;08/11/2002
2002;11;08/11/2002
2002;11;08/11/2002
2002;11;08/11/2002
2002;11;08/11/2002
2002;11;08/11/2002
2002;11;08/11/2002
2002;11;08/11/2002
2002;11;08/11/2002
2002;11;08/11/2002
2002;11;08/11/2002
2002;11;08/11/2002
2002;11;09/11/2002
2002;11;11/11/2002
2002;11;11/11/2002
2002;11;11/11/2002
2002;11;11/11/2002
2002;11;11/11/2002
2002;11;12/11/2002
2002;11;12/11/2002
2002;11;12/11/2002
2002;11;12/11/2002
2002;11;13/11/2002
2002;11;13/11/2002
2002;11;13/11/2002
2002;11;13/11/2002
2002;11;14/11/2002
2002;11;14/11/2002
2002;11;14/11/2002
2002;11;14/11/2002
2002;11;15/11/2002
2002;11;15/11/2002
2002;11;15/11/2002
2002;11;15/11/2002
2002;11;18/11/2002
2002;11;18/11/2002
2002;11;18/11/2002
2002;11;18/11/2002
2002;11;18/11/2002
2002;11;18/11/2002
2002;11;18/11/2002
2002;11;18/11/2002
2002;11;18/11/2002
2002;11;18/11/2002
2002;11;19/11/2002
2002;11;19/11/2002
2002;11;19/11/2002
2002;11;19/11/2002
2002;11;20/11/2002
2002;11;20/11/2002
2002;11;20/11/2002
2002;11;20/11/2002
2002;11;20/11/2002
2002;11;20/11/2002
2002;11;20/11/2002
2002;11;20/11/2002
2002;11;20/11/2002
2002;11;21/11/2002
2002;11;21/11/2002
2002;11;21/11/2002
2002;11;21/11/2002
2002;11;21/11/2002
2002;11;21/11/2002
2002;11;21/11/2002
2002;11;22/11/2002
2002;11;22/11/2002
2002;11;22/11/2002
2002;11;22/11/2002
2002;11;22/11/2002
2002;11;23/11/2002
2002;11;24/11/2002
2002;11;24/11/2002
2002;11;25/11/2002
2002;11;25/11/2002
2002;11;25/11/2002
2002;11;25/11/2002
2002;11;25/11/2002
2002;11;25/11/2002
2002;11;25/11/2002
2002;11;25/11/2002
2002;11;26/11/2002
2002;11;26/11/2002
2002;11;26/11/2002
2002;11;26/11/2002
2002;11;26/11/2002
2002;11;27/11/2002
2002;11;27/11/2002
2002;11;27/11/2002
2002;11;28/11/2002
2002;11;28/11/2002
2002;11;28/11/2002
2002;11;28/11/2002
2002;11;28/11/2002
2002;11;29/11/2002
2002;11;29/11/2002
2002;11;30/11/2002
2002;12;01/12/2002
2002;12;02/12/2002
2002;12;02/12/2002
2002;12;02/12/2002
2002;12;02/12/2002
2002;12;02/12/2002
2002;12;02/12/2002
2002;12;03/12/2002
2002;12;03/12/2002
2002;12;03/12/2002
2002;12;03/12/2002
2002;12;03/12/2002
2002;12;03/12/2002
2002;12;04/12/2002
2002;12;04/12/2002
2002;12;04/12/2002
2002;12;04/12/2002
2002;12;04/12/2002
2002;12;04/12/2002
2002;12;04/12/2002
2002;12;04/12/2002
2002;12;05/12/2002
2002;12;05/12/2002
2002;12;07/12/2002
2002;12;08/12/2002
2002;12;09/12/2002
2002;12;09/12/2002
2002;12;09/12/2002
2002;12;09/12/2002
2002;12;09/12/2002
2002;12;09/12/2002
2002;12;09/12/2002
2002;12;09/12/2002
2002;12;10/12/2002
2002;12;10/12/2002
2002;12;10/12/2002
2002;12;10/12/2002
2002;12;11/12/2002
2002;12;11/12/2002
2002;12;11/12/2002
2002;12;11/12/2002
2002;12;11/12/2002
2002;12;11/12/2002
2002;12;11/12/2002
2002;12;11/12/2002
2002;12;11/12/2002
2002;12;12/12/2002
2002;12;13/12/2002
2002;12;13/12/2002
2002;12;13/12/2002
2002;12;13/12/2002
2002;12;14/12/2002
2002;12;15/12/2002
2002;12;16/12/2002
2002;12;16/12/2002
2002;12;16/12/2002
2002;12;16/12/2002
2002;12;16/12/2002
2002;12;17/12/2002
2002;12;17/12/2002
2002;12;17/12/2002
2002;12;18/12/2002
2002;12;18/12/2002
2002;12;18/12/2002
2002;12;19/12/2002
2002;12;19/12/2002
2002;12;19/12/2002
2002;12;20/12/2002
2002;12;20/12/2002
2002;12;22/12/2002
2002;12;23/12/2002
2002;12;23/12/2002
2002;12;23/12/2002
2002;12;25/12/2002
2002;12;26/12/2002
2002;12;26/12/2002
2002;12;27/12/2002
2002;12;27/12/2002
2002;12;30/12/2002
2002;12;30/12/2002
2002;12;31/12/2002
2002;12;31/12/2002
2002;12;31/12/2002
2002;12;31/12/2002
2002;12;31/12/2002
2003;1;01/01/2003
2003;1;02/01/2003
2003;1;02/01/2003
2003;1;02/01/2003
2003;1;02/01/2003
2003;1;02/01/2003
2003;1;03/01/2003
2003;1;04/01/2003
2003;1;04/01/2003
2003;1;06/01/2003
2003;1;07/01/2003
2003;1;07/01/2003
2003;1;07/01/2003
2003;1;08/01/2003
2003;1;10/01/2003
2003;1;10/01/2003
2003;1;13/01/2003
2003;1;13/01/2003
2003;1;13/01/2003
2003;1;14/01/2003
2003;1;14/01/2003
2003;1;16/01/2003
2003;1;18/01/2003
2003;1;18/01/2003
2003;1;20/01/2003
2003;1;23/01/2003
2003;1;23/01/2003
2003;1;24/01/2003
2003;1;24/01/2003
2003;1;25/01/2003
2003;1;27/01/2003
2003;1;28/01/2003
2003;1;28/01/2003
2003;1;30/01/2003
2003;1;31/01/2003
2003;2;05/02/2003
2003;2;05/02/2003
2003;2;07/02/2003
2003;2;08/02/2003
2003;2;10/02/2003
2003;2;11/02/2003
2003;2;12/02/2003
2003;2;13/02/2003
2003;2;14/02/2003
2003;2;16/02/2003
2003;2;17/02/2003
2003;2;18/02/2003
2003;2;18/02/2003
2003;2;20/02/2003
2003;2;21/02/2003
2003;2;24/02/2003
2003;2;24/02/2003
2003;2;24/02/2003
2003;2;24/02/2003
2003;2;25/02/2003
2003;2;26/02/2003
2003;2;26/02/2003
2003;2;26/02/2003
2003;3;03/03/2003
2003;3;04/03/2003
2003;3;06/03/2003
2003;3;07/03/2003
2003;3;11/03/2003
2003;3;11/03/2003
2003;3;14/03/2003
2003;3;14/03/2003
2003;3;14/03/2003
2003;3;16/03/2003
2003;3;17/03/2003
2003;3;17/03/2003
2003;3;18/03/2003
2003;3;18/03/2003
2003;3;20/03/2003
2003;3;20/03/2003
2003;3;24/03/2003
2003;3;25/03/2003
2003;3;31/03/2003
2003;3;31/03/2003
2003;4;01/04/2003
2003;4;03/04/2003
2003;4;03/04/2003
2003;4;04/04/2003
2003;4;05/04/2003
2003;4;07/04/2003
2003;4;09/04/2003
2003;4;10/04/2003
2003;4;10/04/2003
2003;4;11/04/2003
2003;4;12/04/2003
2003;4;14/04/2003
2003;4;15/04/2003
2003;4;15/04/2003
2003;4;15/04/2003
2003;4;15/04/2003
2003;4;16/04/2003
2003;4;21/04/2003
2003;4;22/04/2003
2003;4;22/04/2003
2003;4;24/04/2003
2003;4;25/04/2003
2003;4;26/04/2003
2003;4;27/04/2003
2003;4;28/04/2003
2003;4;28/04/2003
2003;4;28/04/2003
2003;4;28/04/2003
2003;4;28/04/2003
2003;4;28/04/2003
2003;4;28/04/2003
2003;4;30/04/2003
2003;5;05/05/2003
2003;5;09/05/2003
2003;5;09/05/2003
2003;5;09/05/2003
2003;5;09/05/2003
2003;5;12/05/2003
2003;5;12/05/2003
2003;5;12/05/2003
2003;5;13/05/2003
2003;5;13/05/2003
2003;5;13/05/2003
2003;5;13/05/2003
2003;5;14/05/2003
2003;5;19/05/2003
2003;5;19/05/2003
2003;5;19/05/2003
2003;5;20/05/2003
2003;5;20/05/2003
2003;5;20/05/2003
2003;5;21/05/2003
2003;5;21/05/2003
2003;5;21/05/2003
2003;5;21/05/2003
2003;5;22/05/2003
2003;5;23/05/2003
2003;5;26/05/2003
2003;5;27/05/2003
2003;5;28/05/2003
2003;5;28/05/2003
2003;5;30/05/2003
2003;5;30/05/2003
2003;5;31/05/2003
2003;5;31/05/2003
2003;6;02/06/2003
2003;6;02/06/2003
2003;6;03/06/2003
2003;6;03/06/2003
2003;6;04/06/2003
2003;6;04/06/2003
2003;6;05/06/2003
2003;6;05/06/2003
2003;6;05/06/2003
2003;6;05/06/2003
2003;6;06/06/2003
2003;6;06/06/2003
2003;6;07/06/2003
2003;6;07/06/2003
2003;6;09/06/2003
2003;6;11/06/2003
2003;6;12/06/2003
2003;6;12/06/2003
2003;6;13/06/2003
2003;6;13/06/2003
2003;6;16/06/2003
2003;6;16/06/2003
2003;6;16/06/2003
2003;6;17/06/2003
2003;6;18/06/2003
2003;6;18/06/2003
2003;6;19/06/2003
2003;6;23/06/2003
2003;6;24/06/2003
2003;6;25/06/2003
2003;6;25/06/2003
2003;6;25/06/2003
2003;6;26/06/2003
2003;6;26/06/2003
2003;6;26/06/2003
2003;6;27/06/2003
2003;6;27/06/2003
2003;6;28/06/2003
2003;6;30/06/2003
2003;6;30/06/2003
2003;7;01/07/2003
2003;7;01/07/2003
2003;7;02/07/2003
2003;7;02/07/2003
2003;7;03/07/2003
2003;7;04/07/2003
2003;7;05/07/2003
2003;7;06/07/2003
2003;7;07/07/2003
2003;7;08/07/2003
2003;7;08/07/2003
2003;7;09/07/2003
2003;7;10/07/2003
2003;7;11/07/2003
2003;7;11/07/2003
2003;7;13/07/2003
2003;7;14/07/2003
2003;7;14/07/2003
2003;7;14/07/2003
2003;7;15/07/2003
2003;7;15/07/2003
2003;7;16/07/2003
2003;7;16/07/2003
2003;7;16/07/2003
2003;7;16/07/2003
2003;7;18/07/2003
2003;7;21/07/2003
2003;7;21/07/2003
2003;7;22/07/2003
2003;7;23/07/2003
2003;7;23/07/2003
2003;7;23/07/2003
2003;7;23/07/2003
2003;7;23/07/2003
2003;7;23/07/2003
2003;7;23/07/2003
2003;7;24/07/2003
2003;7;24/07/2003
2003;7;24/07/2003
2003;7;25/07/2003
2003;7;25/07/2003
2003;7;25/07/2003
2003;7;25/07/2003
2003;7;25/07/2003
2003;7;25/07/2003
2003;7;25/07/2003
2003;7;26/07/2003
2003;7;27/07/2003
2003;7;27/07/2003
2003;7;28/07/2003
2003;7;28/07/2003
2003;7;28/07/2003
2003;7;29/07/2003
2003;7;29/07/2003
2003;7;30/07/2003
2003;7;31/07/2003
2003;7;31/07/2003
2003;7;31/07/2003
2003;7;31/07/2003
2003;8;01/08/2003
2003;8;01/08/2003
2003;8;01/08/2003
2003;8;02/08/2003
2003;8;03/08/2003
2003;8;04/08/2003
2003;8;04/08/2003
2003;8;05/08/2003
2003;8;05/08/2003
2003;8;05/08/2003
2003;8;06/08/2003
2003;8;06/08/2003
2003;8;07/08/2003
2003;8;07/08/2003
2003;8;08/08/2003
2003;8;08/08/2003
2003;8;08/08/2003
2003;8;08/08/2003
2003;8;08/08/2003
2003;8;11/08/2003
2003;8;11/08/2003
2003;8;12/08/2003
2003;8;12/08/2003
2003;8;13/08/2003
2003;8;13/08/2003
2003;8;13/08/2003
2003;8;14/08/2003
2003;8;15/08/2003
2003;8;15/08/2003
2003;8;15/08/2003
2003;8;15/08/2003
2003;8;15/08/2003
2003;8;17/08/2003
2003;8;17/08/2003
2003;8;18/08/2003
2003;8;18/08/2003
2003;8;18/08/2003
2003;8;18/08/2003
2003;8;18/08/2003
2003;8;18/08/2003
2003;8;19/08/2003
2003;8;19/08/2003
2003;8;19/08/2003
2003;8;19/08/2003
2003;8;21/08/2003
2003;8;22/08/2003
2003;8;23/08/2003
2003;8;24/08/2003
2003;8;25/08/2003
2003;8;25/08/2003
2003;8;25/08/2003
2003;8;26/08/2003
2003;8;27/08/2003
2003;8;27/08/2003
2003;8;27/08/2003
2003;8;28/08/2003
2003;8;31/08/2003
2003;9;01/09/2003
2003;9;03/09/2003
2003;9;04/09/2003
2003;9;04/09/2003
2003;9;04/09/2003
2003;9;04/09/2003
2003;9;05/09/2003
2003;9;08/09/2003
2003;9;08/09/2003
2003;9;10/09/2003
2003;9;10/09/2003
2003;9;11/09/2003
2003;9;15/09/2003
2003;9;16/09/2003
2003;9;17/09/2003
2003;9;17/09/2003
2003;9;19/09/2003
2003;9;19/09/2003
2003;9;22/09/2003
2003;9;23/09/2003
2003;9;23/09/2003
2003;9;23/09/2003
2003;9;24/09/2003
2003;9;24/09/2003
2003;9;25/09/2003
2003;9;26/09/2003
2003;9;26/09/2003
2003;9;29/09/2003
2003;9;29/09/2003
2003;9;30/09/2003
2003;9;30/09/2003
2003;10;02/10/2003
2003;10;03/10/2003
2003;10;05/10/2003
2003;10;06/10/2003
2003;10;06/10/2003
2003;10;07/10/2003
2003;10;07/10/2003
2003;10;07/10/2003
2003;10;08/10/2003
2003;10;08/10/2003
2003;10;09/10/2003
2003;10;09/10/2003
2003;10;10/10/2003
2003;10;10/10/2003
2003;10;14/10/2003
2003;10;14/10/2003
2003;10;14/10/2003
2003;10;15/10/2003
2003;10;15/10/2003
2003;10;16/10/2003
2003;10;17/10/2003
2003;10;17/10/2003
2003;10;18/10/2003
2003;10;18/10/2003
2003;10;20/10/2003
2003;10;20/10/2003
2003;10;20/10/2003
2003;10;22/10/2003
2003;10;23/10/2003
2003;10;23/10/2003
2003;10;23/10/2003
2003;10;23/10/2003
2003;10;27/10/2003
2003;10;27/10/2003
2003;10;28/10/2003
2003;10;29/10/2003
2003;11;03/11/2003
2003;11;03/11/2003
2003;11;04/11/2003
2003;11;05/11/2003
2003;11;05/11/2003
2003;11;07/11/2003
2003;11;07/11/2003
2003;11;07/11/2003
2003;11;10/11/2003
2003;11;10/11/2003
2003;11;11/11/2003
2003;11;11/11/2003
2003;11;13/11/2003
2003;11;13/11/2003
2003;11;13/11/2003
2003;11;14/11/2003
2003;11;14/11/2003
2003;11;15/11/2003
2003;11;16/11/2003
2003;11;17/11/2003
2003;11;17/11/2003
2003;11;17/11/2003
2003;11;17/11/2003
2003;11;18/11/2003
2003;11;18/11/2003
2003;11;19/11/2003
2003;11;20/11/2003
2003;11;20/11/2003
2003;11;20/11/2003
2003;11;24/11/2003
2003;11;24/11/2003
2003;11;25/11/2003
2003;11;26/11/2003
2003;11;29/11/2003
2003;12;01/12/2003
2003;12;01/12/2003
2003;12;02/12/2003
2003;12;02/12/2003
2003;12;03/12/2003
2003;12;03/12/2003
2003;12;05/12/2003
2003;12;05/12/2003
2003;12;08/12/2003
2003;12;08/12/2003
2003;12;09/12/2003
2003;12;11/12/2003
2003;12;14/12/2003
2003;12;14/12/2003
2003;12;15/12/2003
2003;12;15/12/2003
2003;12;17/12/2003
2003;12;18/12/2003
2003;12;22/12/2003
2003;12;31/12/2003
2003;12;31/12/2003
2004;1;02/01/2004
2004;1;02/01/2004
2004;1;07/01/2004
2004;1;08/01/2004
2004;1;09/01/2004
2004;1;12/01/2004
2004;1;13/01/2004
2004;1;13/01/2004
2004;1;15/01/2004
2004;1;16/01/2004
2004;1;18/01/2004
2004;1;19/01/2004
2004;1;28/01/2004
2004;1;28/01/2004
2004;1;28/01/2004
2004;1;28/01/2004
2004;1;29/01/2004
2004;2;01/02/2004
2004;2;02/02/2004
2004;2;05/02/2004
2004;2;06/02/2004
2004;2;09/02/2004
2004;2;10/02/2004
2004;2;17/02/2004
2004;2;19/02/2004
2004;2;23/02/2004
2004;2;24/02/2004
2004;2;26/02/2004
2004;3;02/03/2004
2004;3;06/03/2004
2004;3;12/03/2004
2004;3;17/03/2004
2004;3;24/03/2004
2004;3;28/03/2004
2004;3;29/03/2004
2004;3;29/03/2004
2004;4;12/04/2004
2004;4;20/04/2004
2004;4;27/04/2004
2004;4;27/04/2004
2004;4;30/04/2004
2004;4;30/04/2004
2004;5;05/05/2004
2004;5;06/05/2004
2004;5;13/05/2004
2004;5;13/05/2004
2004;5;17/05/2004
2004;5;17/05/2004
2004;5;19/05/2004
2004;5;20/05/2004
2004;5;25/05/2004
2004;5;27/05/2004
2004;5;27/05/2004
2004;5;31/05/2004
2004;6;02/06/2004
2004;6;02/06/2004
2004;6;02/06/2004
2004;6;04/06/2004
2004;6;07/06/2004
2004;6;09/06/2004
2004;6;11/06/2004
2004;6;11/06/2004
2004;6;14/06/2004
2004;6;17/06/2004
2004;6;18/06/2004
2004;6;18/06/2004
2004;6;19/06/2004
2004;6;19/06/2004
2004;6;20/06/2004
2004;6;22/06/2004
2004;6;22/06/2004
2004;6;30/06/2004
2004;7;02/07/2004
2004;7;04/07/2004
2004;7;05/07/2004
2004;7;05/07/2004
2004;7;06/07/2004
2004;7;07/07/2004
2004;7;07/07/2004
2004;7;07/07/2004
2004;7;12/07/2004
2004;7;13/07/2004
2004;7;15/07/2004
2004;7;16/07/2004
2004;7;17/07/2004
2004;7;17/07/2004
2004;7;18/07/2004
2004;7;19/07/2004
2004;7;20/07/2004
2004;7;21/07/2004
2004;7;21/07/2004
2004;7;22/07/2004
2004;7;23/07/2004
2004;7;23/07/2004
2004;7;23/07/2004
2004;7;24/07/2004
2004;7;26/07/2004
2004;7;28/07/2004
2004;7;29/07/2004
2004;7;30/07/2004
2004;8;03/08/2004
2004;8;04/08/2004
2004;8;04/08/2004
2004;8;05/08/2004
2004;8;05/08/2004
2004;8;06/08/2004
2004;8;06/08/2004
2004;8;10/08/2004
2004;8;12/08/2004
2004;8;12/08/2004
2004;8;12/08/2004
2004;8;13/08/2004
2004;8;13/08/2004
2004;8;13/08/2004
2004;8;13/08/2004
2004;8;14/08/2004
2004;8;14/08/2004
2004;8;14/08/2004
2004;8;16/08/2004
2004;8;16/08/2004
2004;8;17/08/2004
2004;8;17/08/2004
2004;8;17/08/2004
2004;8;18/08/2004
2004;8;18/08/2004
2004;8;18/08/2004
2004;8;20/08/2004
2004;8;20/08/2004
2004;8;20/08/2004
2004;8;20/08/2004
2004;8;23/08/2004
2004;8;23/08/2004
2004;8;24/08/2004
2004;8;25/08/2004
2004;8;25/08/2004
2004;8;25/08/2004
2004;8;25/08/2004
2004;8;26/08/2004
2004;8;30/08/2004
2004;8;30/08/2004
2004;8;30/08/2004
2004;8;30/08/2004
2004;8;31/08/2004
2004;9;02/09/2004
2004;9;02/09/2004
2004;9;04/09/2004
2004;9;04/09/2004
2004;9;04/09/2004
2004;9;06/09/2004
2004;9;11/09/2004
2004;9;11/09/2004
2004;9;12/09/2004
2004;9;13/09/2004
2004;9;13/09/2004
2004;9;13/09/2004
2004;9;13/09/2004
2004;9;13/09/2004
2004;9;14/09/2004
2004;9;14/09/2004
2004;9;14/09/2004
2004;9;15/09/2004
2004;9;16/09/2004
2004;9;16/09/2004
2004;9;17/09/2004
2004;9;17/09/2004
2004;9;17/09/2004
2004;9;17/09/2004
2004;9;19/09/2004
2004;9;19/09/2004
2004;9;20/09/2004
2004;9;20/09/2004
2004;9;20/09/2004
2004;9;21/09/2004
2004;9;22/09/2004
2004;9;22/09/2004
2004;9;24/09/2004
2004;9;27/09/2004
2004;9;28/09/2004
2004;9;30/09/2004
2004;10;01/10/2004
2004;10;01/10/2004
2004;10;03/10/2004
2004;10;04/10/2004
2004;10;06/10/2004
2004;10;06/10/2004
2004;10;08/10/2004
2004;10;12/10/2004
2004;10;12/10/2004
2004;10;12/10/2004
2004;10;14/10/2004
2004;10;15/10/2004
2004;10;16/10/2004
2004;10;18/10/2004
2004;10;18/10/2004
2004;10;18/10/2004
2004;10;18/10/2004
2004;10;18/10/2004
2004;10;19/10/2004
2004;10;19/10/2004
2004;10;19/10/2004
2004;10;19/10/2004
2004;10;19/10/2004
2004;10;19/10/2004
2004;10;20/10/2004
2004;10;20/10/2004
2004;10;20/10/2004
2004;10;22/10/2004
2004;10;23/10/2004
2004;10;24/10/2004
2004;10;25/10/2004
2004;10;25/10/2004
2004;10;25/10/2004
2004;10;25/10/2004
2004;10;27/10/2004
2004;10;27/10/2004
2004;10;27/10/2004
2004;10;28/10/2004
2004;10;28/10/2004
2004;10;28/10/2004
2004;10;28/10/2004
2004;10;29/10/2004
2004;10;29/10/2004
2004;10;29/10/2004
2004;10;30/10/2004
2004;11;01/11/2004
2004;11;01/11/2004
2004;11;01/11/2004
2004;11;01/11/2004
2004;11;02/11/2004
2004;11;02/11/2004
2004;11;02/11/2004
2004;11;02/11/2004
2004;11;03/11/2004
2004;11;03/11/2004
2004;11;03/11/2004
2004;11;03/11/2004
2004;11;04/11/2004
2004;11;04/11/2004
2004;11;04/11/2004
2004;11;04/11/2004
2004;11;04/11/2004
2004;11;05/11/2004
2004;11;07/11/2004
2004;11;08/11/2004
2004;11;08/11/2004
2004;11;08/11/2004
2004;11;08/11/2004
2004;11;08/11/2004
2004;11;08/11/2004
2004;11;08/11/2004
2004;11;09/11/2004
2004;11;09/11/2004
2004;11;09/11/2004
2004;11;09/11/2004
2004;11;09/11/2004
2004;11;10/11/2004
2004;11;10/11/2004
2004;11;10/11/2004
2004;11;11/11/2004
2004;11;11/11/2004
2004;11;11/11/2004
2004;11;11/11/2004
2004;11;12/11/2004
2004;11;12/11/2004
2004;11;15/11/2004
2004;11;15/11/2004
2004;11;15/11/2004
2004;11;15/11/2004
2004;11;15/11/2004
2004;11;15/11/2004
2004;11;15/11/2004
2004;11;16/11/2004
2004;11;16/11/2004
2004;11;16/11/2004
2004;11;16/11/2004
2004;11;16/11/2004
2004;11;16/11/2004
2004;11;16/11/2004
2004;11;18/11/2004
2004;11;18/11/2004
2004;11;18/11/2004
2004;11;19/11/2004
2004;11;19/11/2004
2004;11;20/11/2004
2004;11;20/11/2004
2004;11;20/11/2004
2004;11;21/11/2004
2004;11;22/11/2004
2004;11;22/11/2004
2004;11;22/11/2004
2004;11;22/11/2004
2004;11;22/11/2004
2004;11;22/11/2004
2004;11;22/11/2004
2004;11;22/11/2004
2004;11;23/11/2004
2004;11;23/11/2004
2004;11;24/11/2004
2004;11;24/11/2004
2004;11;24/11/2004
2004;11;24/11/2004
2004;11;24/11/2004
2004;11;25/11/2004
2004;11;25/11/2004
2004;11;25/11/2004
2004;11;25/11/2004
2004;11;25/11/2004
2004;11;26/11/2004
2004;11;26/11/2004
2004;11;26/11/2004
2004;11;26/11/2004
2004;11;27/11/2004
2004;11;28/11/2004
2004;11;28/11/2004
2004;11;29/11/2004
2004;11;29/11/2004
2004;11;29/11/2004
2004;11;29/11/2004
2004;11;29/11/2004
2004;11;29/11/2004
2004;11;29/11/2004
2004;11;29/11/2004
2004;11;30/11/2004
2004;11;30/11/2004
2004;11;30/11/2004
2004;11;30/11/2004
2004;11;30/11/2004
2004;12;01/12/2004
2004;12;01/12/2004
2004;12;02/12/2004
2004;12;03/12/2004
2004;12;03/12/2004
2004;12;03/12/2004
2004;12;03/12/2004
2004;12;03/12/2004
2004;12;05/12/2004
2004;12;06/12/2004
2004;12;07/12/2004
2004;12;07/12/2004
2004;12;07/12/2004
2004;12;07/12/2004
2004;12;07/12/2004
2004;12;08/12/2004
2004;12;08/12/2004
2004;12;08/12/2004
2004;12;08/12/2004
2004;12;09/12/2004
2004;12;09/12/2004
2004;12;10/12/2004
2004;12;10/12/2004
2004;12;10/12/2004
2004;12;11/12/2004
2004;12;13/12/2004
2004;12;13/12/2004
2004;12;13/12/2004
2004;12;13/12/2004
2004;12;13/12/2004
2004;12;13/12/2004
2004;12;13/12/2004
2004;12;13/12/2004
2004;12;14/12/2004
2004;12;14/12/2004
2004;12;14/12/2004
2004;12;14/12/2004
2004;12;14/12/2004
2004;12;14/12/2004
2004;12;14/12/2004
2004;12;14/12/2004
2004;12;14/12/2004
2004;12;15/12/2004
2004;12;15/12/2004
2004;12;15/12/2004
2004;12;15/12/2004
2004;12;15/12/2004
2004;12;16/12/2004
2004;12;16/12/2004
2004;12;17/12/2004
2004;12;17/12/2004
2004;12;17/12/2004
2004;12;20/12/2004
2004;12;20/12/2004
2004;12;20/12/2004
2004;12;20/12/2004
2004;12;20/12/2004
2004;12;21/12/2004
2004;12;22/12/2004
2004;12;23/12/2004
2004;12;23/12/2004
2004;12;23/12/2004
2004;12;23/12/2004
2004;12;24/12/2004
2004;12;25/12/2004
2004;12;27/12/2004
2004;12;27/12/2004
2004;12;28/12/2004
2004;12;28/12/2004
2004;12;28/12/2004
2004;12;28/12/2004
2004;12;28/12/2004
2004;12;29/12/2004
2004;12;30/12/2004
2004;12;31/12/2004
2004;12;31/12/2004
2004;12;31/12/2004
2004;12;31/12/2004
2004;12;31/12/2004
